,MMSI,BaseDateTime,LAT,LON,SOG,COG,Heading,VesselName,IMO,CallSign,VesselType,Status,Length,Width,Draft,Cargo,TranscieverClass
0,366764730,2021-03-07 01:50:17.500,33.7331431092437,-118.26775655462184,0.0,271.9,511.0,SCOUT,IMO9188570,WCZ2046,31.0,0.0,31.0,10.0,4.3,,A
1,338339572,2021-03-07 01:50:17.500,33.60416,-117.88767,0.1,360.0,511.0,TUNA MELT,IMO0000000,,37.0,,14.0,5.0,,,B
2,636090862,2021-03-07 01:50:17.500,33.59327202614379,-118.03312359477124,0.3,173.6,251.0,JPO LIBRA,IMO9297840,A8GU7,70.0,1.0,264.0,32.0,12.5,,A
3,367536490,2021-03-07 01:50:17.500,33.68460294117647,-118.05169823529411,6.4,322.0,511.0,TRIUMPH,,WDI7857,37.0,,16.0,4.0,,,B
4,367163340,2021-03-07 01:50:17.500,33.61006165,-117.9087433,0.0,241.7,511.0,MEHETABEL,,WDD5767,37.0,,22.0,5.0,,,B
5,338328028,2021-03-07 01:50:17.500,33.62326676666667,-117.89469,0.0,360.0,145.0,AQUATA,IMO0000000,,37.0,,18.0,5.0,,,B
6,366998830,2021-03-07 01:50:17.500,33.73390027522937,-118.24914293577982,0.6,61.6,511.0,ROYAL MELBOURNE,,WDC2865,31.0,0.0,23.0,7.0,,0.0,A
7,352631000,2021-03-07 01:50:17.500,33.74074336700337,-118.19736643097643,0.0,233.6,270.0,COSCO AMERICA,IMO9345427,3EPH4,70.0,5.0,349.0,45.0,14.5,,A
8,351249000,2021-03-07 01:50:17.500,33.675002166666665,-118.21123366666667,0.2,300.5,265.0,NYK OCEANUS,IMO9312975,3EMR8,70.0,1.0,336.0,45.0,14.0,70.0,A
9,215126000,2021-03-07 01:50:17.500,33.62946284280937,-118.05569678929767,0.1,351.1,267.0,,,,,1.0,,,,,A
10,367691350,2021-03-07 01:50:17.500,33.61308,-117.92440162790699,0.0,293.6,511.0,ANDIAMO,IMO0000000,,37.0,,21.0,6.0,,,B
11,367113620,2021-03-07 01:50:17.500,33.73618681818182,-118.18072136363637,9.6,193.5,511.0,,,,,0.0,,,,,A
12,368021110,2021-03-07 01:50:17.500,33.76143685618729,-118.1923068561873,0.0,253.7,511.0,SOME TUESDAY,IMO0000000,WDJ8919,36.0,,15.0,8.0,,,B
13,367678390,2021-03-07 01:50:17.500,33.61363,-117.92475,0.0,273.3,227.0,EL TIGRE,,WDI2461,37.0,0.0,19.0,6.0,,0.0,A
14,367642530,2021-03-07 01:50:17.500,33.72792,-118.27389,0.1,285.0,511.0,BO BRUSCO,IMO9772917,WDH6880,31.0,0.0,23.0,8.0,,,A
15,338218673,2021-03-07 01:50:17.500,33.60925366666667,-117.91721,0.0,352.9,511.0,BOUNTY,,,37.0,,,,,,B
16,367303000,2021-03-07 01:50:17.500,33.77551,-118.21304972972973,0.0,360.0,62.0,,,,,0.0,,,,,A
17,367616090,2021-03-07 01:50:17.500,33.77003,-118.21251344941956,0.0,192.6,287.0,SEA FORCE,,WDH4282,90.0,5.0,22.0,,,,A
18,367452280,2021-03-07 01:50:17.500,33.72267854545455,-118.21296063636363,7.1,71.6,511.0,LAGUNA,,WDF4470,31.0,0.0,20.0,7.0,,,A
19,338319175,2021-03-07 01:50:17.500,33.7220831103679,-118.28123311036788,0.0,360.0,511.0,ALOHA NUI,IMO0000000,,37.0,,18.0,3.0,,,B
20,366932980,2021-03-07 01:50:17.500,33.77087,-118.21177304347826,0.0,99.7,67.0,DREW FOSS,IMO7626217,WYL5718,31.0,5.0,38.0,10.0,4.2,,A
21,310765000,2021-03-07 01:50:17.500,33.7694369435216,-118.22889,0.0,344.2,254.0,LONDON EXPRESS,IMO9143568,ZCEV3,70.0,5.0,294.0,32.0,13.6,,A
22,311000111,2021-03-07 01:50:17.500,33.728630930232555,-118.16280906976745,0.0,52.6,252.0,PEGASUS VOYAGER,IMO9665736,C6AP3,80.0,1.0,275.0,48.0,17.0,,A
23,338310299,2021-03-07 01:50:17.500,33.60551,-117.90849,0.0,260.3,511.0,T E N  II,IMO0000000,,37.0,,0.0,0.0,,,B
24,368171260,2021-03-07 01:50:17.500,33.7312671043771,-118.2606786868687,0.0,334.4,337.0,,,,,5.0,,,,,A
25,338393998,2021-03-07 01:50:17.500,33.61018450847458,-117.89591549152543,0.0,360.0,511.0,HUNTRESS,IMO0000000,,37.0,,10.0,4.0,,,B
26,338330992,2021-03-07 01:50:17.500,33.61267702341137,-117.92429595317726,0.1,291.3,511.0,TOW BIZZ II,IMO0000000,,37.0,,10.0,3.0,,,B
27,367153070,2021-03-07 01:50:17.500,33.76744389261745,-118.2176022147651,0.0,289.8,289.0,MIKIONA,IMO9415583,WDD5057,31.0,0.0,39.0,10.0,4.9,31.0,A
28,338364031,2021-03-07 01:50:17.500,33.620252921535894,-117.92844061769615,0.0,270.6,511.0,TOPAZ,IMO0000000,,37.0,,20.0,6.0,,,B
29,367395330,2021-03-07 01:50:17.500,33.61546146179402,-117.9029,0.0,269.6,511.0,THE LAST HURRAH,,WDE7609,37.0,,24.0,6.0,,,B
30,368153440,2021-03-07 01:50:17.500,33.61121,-117.92794862876255,0.0,141.8,511.0,SISTER HOOK,IMO0000000,WDL6719,37.0,,22.0,7.0,,,B
31,366872980,2021-03-07 01:50:17.500,33.61822128440367,-117.92223,0.0,360.0,511.0,ENDLESS DREAMS,IMO8975677,WDH2906,60.0,0.0,41.0,9.0,,,A
32,367486370,2021-03-07 01:50:17.500,33.7213872,-118.27473,0.1,19.8,165.0,NRC QUEST,IMO9271195,WDF7619,90.0,5.0,48.0,10.0,3.0,70.0,A
33,367133910,2021-03-07 01:50:17.500,33.76537026666667,-118.25566693333332,0.0,215.2,511.0,BETHEL F GIFFORD,,WS9087,90.0,0.0,22.0,7.0,,,A
34,368011010,2021-03-07 01:50:17.500,33.71909,-118.27957,0.0,113.0,511.0,HATTENUFF,IMO0000000,WDJ7882,37.0,,15.0,5.0,,,B
35,338148873,2021-03-07 01:50:17.500,33.60715716666667,-117.91482358333333,0.0,125.9,511.0,CAZADOR,,,37.0,,14.0,,,,B
36,367199310,2021-03-07 01:50:17.500,33.34459,-118.32216,0.0,296.6,511.0,CATALINA JET,IMO8994142,WDD8449,60.0,15.0,43.0,11.0,1.6,40.0,A
37,368084540,2021-03-07 01:50:17.500,33.73992,-118.27803321428573,0.0,217.6,9.0,,,,,0.0,,,,,A
38,367724740,2021-03-07 01:50:17.500,33.76221,-118.1949942,0.0,166.1,511.0,LA ESPADA,IMO8793328,WDI7035,60.0,15.0,,,,,A
39,367676070,2021-03-07 01:50:17.500,33.76211,-118.18269,0.0,183.6,511.0,TUAMOTU,,WDI2235,37.0,,,,,,B
40,368048380,2021-03-07 01:50:17.500,33.75135,-118.11022265780731,0.0,70.3,511.0,TAVISH B.,IMO0000000,WDK3754,37.0,,12.0,4.0,,,B
41,477166300,2021-03-07 01:50:17.500,33.68825703703704,-118.2159925925926,0.1,357.2,251.0,,,,,1.0,,,,,A
42,369725000,2021-03-07 01:50:17.500,33.73313,-118.27635,0.0,360.0,511.0,IRVING JOHNSON,,WDB3153,90.0,5.0,22.0,6.0,,,A
43,367488450,2021-03-07 01:50:17.500,33.61404260869565,-117.927,0.0,166.8,511.0,THE ONE,,WDF7817,37.0,,12.0,4.0,,,B
44,369042000,2021-03-07 01:50:17.500,33.77465461279461,-118.2154519191919,0.0,351.6,64.0,AMERICAN FREEDOM,IMO9759898,KAFK,80.0,5.0,,,,,A
45,351539000,2021-03-07 01:50:17.500,33.71289865771813,-118.19380966442954,0.3,186.8,245.0,NAVIOS AMBER,IMO9736341,3FQB6,70.0,1.0,229.0,32.0,14.5,,A
46,338168135,2021-03-07 01:50:17.500,33.60819530201342,-117.92223204697987,0.0,360.0,511.0,ISLAS,IMO0000000,,37.0,,9.0,3.0,,,B
47,367647850,2021-03-07 01:50:17.500,33.69394307692308,-118.15281769230769,7.4,280.7,511.0,HORIZON,,WDH7410,37.0,,15.0,3.0,,,B
48,366554000,2021-03-07 01:50:17.500,33.72383,-118.27967,0.1,207.0,255.0,AQUILA,,WDF8873,60.0,5.0,19.0,5.0,,,A
49,303340000,2021-03-07 01:50:17.500,33.7342352,-118.24907,0.0,141.3,253.0,,,,,5.0,,,,,A
50,413173000,2021-03-07 01:50:17.500,33.66845636666667,-118.14245636666666,0.4,178.0,252.0,XIN DA YANG ZHOU,IMO9337949,BPKE,70.0,1.0,335.0,42.0,14.7,,A
51,367414180,2021-03-07 01:50:17.500,33.71343333333333,-118.05850666666667,5.2,99.7,511.0,VALKYRIE,,WDE9156,37.0,,,,,,B
52,367461940,2021-03-07 01:50:17.500,33.73415,-118.09223446666667,0.0,271.5,511.0,DB LOS ANGELES,,WDF5328,90.0,3.0,45.0,15.0,,,A
53,368104220,2021-03-07 01:50:17.500,33.72102,-118.2782,0.1,360.0,511.0,SECOND VERSE,IMO0000000,WDK9494,36.0,,16.0,5.0,,,B
54,338223365,2021-03-07 01:50:17.500,33.61323633333333,-117.91113733333333,0.0,327.9,511.0,REFLECTIONS,,,37.0,,25.0,6.0,,,B
55,636091959,2021-03-07 01:50:17.500,33.75339504983389,-118.23544242524916,0.0,277.4,70.0,MSC SAVONA,IMO9460356,A8UX4,70.0,5.0,365.0,51.0,16.0,70.0,A
56,367401030,2021-03-07 01:50:17.500,33.73985,-118.27819612612612,0.0,315.9,9.0,DELTA BILLIE,IMO9562207,WDE8059,31.0,0.0,30.0,12.0,,31.0,A
57,338218665,2021-03-07 01:50:17.500,33.75336493333333,-118.11182746666665,0.0,308.0,511.0,CHIEF,IMO0000000,,37.0,,0.0,0.0,,,B
58,368014440,2021-03-07 01:50:17.500,33.71044891891893,-118.27341594594594,3.7,294.3,511.0,,,,,0.0,,,,,A
59,371582000,2021-03-07 01:50:17.500,33.75185,-118.24038695364237,0.0,358.9,70.0,,,,,0.0,,,,,A
60,367174120,2021-03-07 01:50:17.500,33.73828246666667,-118.26690876666666,0.0,360.0,511.0,BARBARA H,IMO0000000,WDK2335,30.0,,0.0,0.0,,,B
61,338226725,2021-03-07 01:50:17.500,33.75643,-118.12970758278146,0.0,277.1,511.0,ANOTHER ADVENTURE,,,37.0,,,,,,B
62,367192970,2021-03-07 01:50:17.500,33.34428027027027,-118.32219,0.0,292.2,511.0,CAT EXPRESS,,WDD7921,60.0,15.0,29.0,11.0,,,A
63,563045300,2021-03-07 01:50:17.500,33.70571,-118.1410648,0.0,144.1,256.0,,,,,1.0,,,,,A
64,367740030,2021-03-07 01:50:17.500,33.60308272727273,-117.89878272727272,2.0,143.6,511.0,NEWPORT LEGACY,,WDI8578,60.0,0.0,,,,,A
65,367711690,2021-03-07 01:50:17.500,33.72198222222222,-118.28296,0.0,78.3,511.0,FLORETTA G,,WDI5745,37.0,,,,,,B
66,338223624,2021-03-07 01:50:17.500,33.6151123,-117.90422,0.0,196.8,511.0,REEL ENERGY,IMO0000000,,37.0,,14.0,6.0,,,B
67,367104080,2021-03-07 01:50:17.500,33.7306118018018,-118.19992945945945,0.5,148.0,511.0,PETER MAC,IMO8982979,WDC9573,60.0,0.0,27.0,6.0,,,A
68,367531160,2021-03-07 01:50:17.500,33.60958155,-117.89587845,0.0,261.3,511.0,HAU TREE,,WDG3933,37.0,5.0,18.0,,,,A
69,338118674,2021-03-07 01:50:17.500,33.72624,-118.26905,0.1,49.2,249.0,BAYWATCH 19,,WZB9310,90.0,15.0,,,,,A
70,338304048,2021-03-07 01:50:17.500,33.7189,-118.2794523,0.0,360.0,511.0,RUMRUNNER 3,IMO0000000,,37.0,,15.0,3.0,,,B
71,255806335,2021-03-07 01:50:17.500,33.75478434782608,-118.23028434782609,0.0,353.8,71.0,,,,,5.0,,,,,A
72,338092107,2021-03-07 01:50:17.500,33.72582,-118.0764,0.0,130.9,511.0,HAMMER,IMO0000000,WDC9051,37.0,,13.0,5.0,,,B
73,368078070,2021-03-07 01:50:17.500,33.362612920792074,-118.04212396039604,10.0,23.5,511.0,THUNDERBIRD,IMO0000000,WDK6786,30.0,,23.0,6.0,,,B
74,367661930,2021-03-07 01:50:17.500,33.72964327272727,-118.27539163636364,0.0,248.1,121.0,MICHELLE SLOAN,IMO9747819,WDH8832,31.0,15.0,24.0,,,,A
75,368056830,2021-03-07 01:50:17.500,33.61828013245034,-117.92773278145697,0.0,266.2,511.0,SEA PATRON,IMO0000000,WDK4600,37.0,,0.0,0.0,,,B
76,368141530,2021-03-07 01:50:17.500,33.7526371388102,-118.1176964305949,0.0,360.0,511.0,JOINT VENTURE,IMO0000000,WDL5483,37.0,,15.0,6.0,,,B
77,338179205,2021-03-07 01:50:17.500,33.61948,-117.92485793333333,0.0,320.1,511.0,GAIL-ANNE,,,37.0,,,,,,B
78,367766860,2021-03-07 01:50:17.500,33.77163871287129,-118.21223386138614,0.0,161.6,511.0,SEANA C,,WDJ3319,31.0,0.0,21.0,7.0,,,A
79,368180040,2021-03-07 01:50:17.500,33.61440768211921,-117.9046523178808,0.0,360.0,511.0,BE CHUMMING,IMO0000000,WDL9539,30.0,,12.0,4.0,,,B
80,338366226,2021-03-07 01:50:17.500,33.723404466666665,-118.28052,0.0,277.4,164.0,,,,,0.0,,,,,A
81,338335196,2021-03-07 01:50:17.500,33.75907200668896,-118.18786802675585,0.0,255.3,511.0,LAST DANCE,IMO0000000,,37.0,,0.0,0.0,,,B
82,367368180,2021-03-07 01:50:17.500,33.73189824324324,-118.21886412162162,0.6,222.2,511.0,CHRISTY S,,WDE5537,60.0,,19.0,5.0,,,B
83,563090400,2021-03-07 01:50:17.500,33.67706553333333,-118.13807173333333,0.2,205.2,248.0,,,,,1.0,,,,,A
84,368171990,2021-03-07 01:50:17.500,33.77096,-118.21183017857143,0.0,19.6,67.0,,,,,0.0,,,,,A
85,338087117,2021-03-07 01:50:17.500,33.747091605351166,-118.21555428093644,0.1,311.7,511.0,ALTAIR,,,60.0,,10.0,3.0,,,B
86,366760710,2021-03-07 01:50:17.500,33.767305841584154,-118.21722722772277,0.0,300.9,511.0,REDONDO,,WCD3906,60.0,0.0,18.0,7.0,,,A
87,367569830,2021-03-07 01:50:17.500,33.75954663636364,-118.25811227272726,0.0,299.0,115.0,ROBERT FRANCO,IMO9694311,WDG7687,31.0,0.0,31.0,12.0,,,A
88,367050320,2021-03-07 01:50:17.500,33.72431,-118.06288056666668,0.0,360.0,511.0,BIG TROUBLE,,WDC6036,37.0,,22.0,6.0,,,B
89,368017220,2021-03-07 01:50:17.500,33.56264859375,-118.05305999999999,5.8,315.3,0.0,DESTROYER,IMO0000000,WDJ8516,36.0,,16.0,6.0,,,B
90,538007479,2021-03-07 01:50:17.500,33.75402049833887,-118.26379750830564,0.0,174.0,43.0,HYUNDAI COURAGE,IMO9347542,V7PP4,70.0,5.0,340.0,46.0,12.7,70.0,A
91,319102700,2021-03-07 01:50:17.500,33.61466,-117.91403,0.0,151.4,511.0,TASIA,,ZGFX6,37.0,,,,,,B
92,366823250,2021-03-07 01:50:17.500,33.72158524126456,-118.28105475873544,0.0,353.5,511.0,HOOKER,IMO0000000,WDA5733,37.0,,14.0,4.0,,,B
93,367049470,2021-03-07 01:50:17.500,33.76270870370371,-118.2656674074074,0.0,270.0,511.0,STEPHEN M WHITE,,WCU6542,90.0,15.0,15.0,4.0,,,A
94,367649650,2021-03-07 01:50:17.500,33.61190427620632,-117.92689096505823,0.0,360.0,273.0,HOOKOLOHE,,WDH7592,37.0,,17.0,,,,B
95,338169328,2021-03-07 01:50:17.500,33.61921,-117.8941452587646,0.0,45.6,511.0,O'CEANANIGANS,,,37.0,,13.0,,,,B
96,338035036,2021-03-07 01:50:17.500,33.72866,-118.07263,0.0,0.0,511.0,BOUNTY,,,37.0,,10.0,3.0,,,B
97,338321972,2021-03-07 01:50:17.500,33.61176,-117.92820277408639,0.0,313.4,511.0,PALLADIO,IMO0000000,,37.0,,11.0,4.0,,,B
98,338116397,2021-03-07 01:50:17.500,33.6099,-117.92651,0.0,103.3,511.0,RAPALLO,,,37.0,,,,,,B
99,367550710,2021-03-07 01:50:17.500,33.73037899328859,-118.27769100671141,0.0,110.2,511.0,TRITON,,WDG5828,30.0,,,,,,B
100,338186834,2021-03-07 01:50:17.500,33.75128009977827,-118.11033,0.0,30.0,511.0,T/T VIRGINIA LEE,,,37.0,,,,,,B
101,352375000,2021-03-07 01:50:17.500,33.68934634551494,-118.11655853820598,0.4,85.3,251.0,NYK LAURA,IMO9406752,H9LL,70.0,1.0,210.0,30.0,11.5,70.0,A
102,338160718,2021-03-07 01:50:17.500,33.614620730897016,-117.91426,0.0,274.4,511.0,BAD DEBT,IMO0000000,,37.0,,20.0,6.0,,,B
103,367017440,2021-03-07 01:50:17.500,33.77081190909091,-118.2121519090909,0.0,232.9,511.0,PIPER INNESS,IMO8964109,WDC3984,90.0,0.0,42.0,8.0,2.1,,A
104,374527000,2021-03-07 01:50:17.500,33.7501,-118.1868,0.0,278.1,181.0,,,,,5.0,,,,,A
105,367464150,2021-03-07 01:50:17.500,33.62054029900332,-117.92708850498339,0.0,23.2,511.0,WHITE LIGHT,,WDA2540,60.0,,18.0,5.0,,,B
106,232018901,2021-03-07 01:50:17.500,33.73015976666667,-118.25505,0.0,323.2,70.0,,,,,5.0,,,,,A
107,338362994,2021-03-07 01:50:17.500,33.72677089700997,-118.06186820598006,0.0,360.0,511.0,OFF SEASON,IMO0000000,,37.0,,17.0,5.0,,,B
108,338210796,2021-03-07 01:50:17.500,33.605569466666665,-117.88465,0.0,212.2,511.0,KERRY'D AWAY,IMO0000000,,37.0,,10.0,4.0,,,B
109,355271000,2021-03-07 01:50:17.500,33.67849133333333,-118.12290916666666,0.1,36.4,263.0,GRACE 1,IMO9116412,3EYE2,80.0,1.0,330.0,58.0,20.6,73.0,A
110,232002990,2021-03-07 01:50:17.500,33.47721486486486,-118.17147972972974,11.8,159.9,163.0,,,,,0.0,,,,,A
111,341774000,2021-03-07 01:50:17.500,33.61478049504951,-117.91442,0.0,209.9,511.0,MING,,V4MY3,90.0,0.0,,,,90.0,A
112,366755010,2021-03-07 01:50:17.500,33.757287272727275,-118.21652981818181,0.0,249.0,237.0,MASTER,IMO9188532,WCY6528,31.0,0.0,32.0,10.0,6.8,52.0,A
113,338388274,2021-03-07 01:50:17.500,33.71931,-118.27760006666668,0.0,111.0,511.0,THE ESSIE,IMO0000000,,37.0,,12.0,3.0,,,B
114,367004260,2021-03-07 01:50:17.500,33.74400440366973,-118.20453880733945,0.0,249.2,511.0,CABRILLO,,WBU7354,60.0,0.0,18.0,7.0,,,A
115,338226906,2021-03-07 01:50:17.500,33.71491,-118.06106,0.0,75.4,511.0,ALETA,,,37.0,,,,,,B
116,366983530,2021-03-07 01:50:17.500,33.75073,-118.21536765765765,0.0,169.0,114.0,JOHN QUIGG,IMO8987929,WDB9828,31.0,0.0,24.0,9.0,4.0,52.0,A
117,338331664,2021-03-07 01:50:17.500,33.71662990000001,-118.28096989999999,0.0,155.3,511.0,ASTRAL,IMO0000000,,36.0,,13.0,4.0,,,B
118,338127501,2021-03-07 01:50:17.500,33.751829944567625,-118.11156005543238,0.0,45.0,511.0,SERENITY,,,37.0,,11.0,,,,B
119,338159837,2021-03-07 01:50:17.500,33.72412494156928,-118.28213988313856,0.0,56.7,236.0,PACIFIC SUNSET,IMO0000000,,37.0,,10.0,4.0,,,B
120,366943940,2021-03-07 01:50:17.500,33.463882277227725,-118.26553673267327,24.5,14.1,511.0,SUPER EXPRESS,,WAB6372,60.0,5.0,26.0,6.0,,,A
121,367044560,2021-03-07 01:50:17.500,33.72154324324324,-118.27133162162163,0.1,333.5,511.0,PHINEAS BANNING,,WCT8646,,15.0,15.0,4.0,,,A
122,372151000,2021-03-07 01:50:17.500,33.7321795,-118.21886980000001,0.1,138.7,263.0,NAVE SEXTANS,IMO9697442,3FOJ3,80.0,1.0,183.0,32.0,13.2,,A
123,367691110,2021-03-07 01:50:17.500,33.62025,-117.92868,0.0,309.5,511.0,WICKED,,WDI3709,37.0,,21.0,,,,B
124,338083011,2021-03-07 01:50:17.500,33.74869,-118.11388,0.0,126.1,511.0,OFFLINE,,,37.0,,19.0,,,,B
125,368146890,2021-03-07 01:50:17.500,33.77467009966777,-118.21213019933555,0.0,249.1,511.0,BIG DIPPER,IMO0000000,WDL6049,57.0,,0.0,0.0,,,B
126,367309720,2021-03-07 01:50:17.500,33.771619799999996,-118.21201,0.0,269.1,511.0,NOHEA,IMO8206882,WDD9311,31.0,5.0,28.0,9.0,3.8,,A
127,338097886,2021-03-07 01:50:17.500,33.7191,-118.2783,0.0,255.1,511.0,BANDIT,,,37.0,,15.0,4.0,,,B
128,219031000,2021-03-07 01:50:17.500,33.667848618421054,-118.12557940789473,0.1,108.7,249.0,,,,,1.0,,,,,A
129,367719100,2021-03-07 01:50:17.500,33.729758181818184,-118.27567727272728,0.1,347.1,309.0,,,,,0.0,,,,,A
130,367408710,2021-03-07 01:50:17.500,33.605100016694486,-117.88491998330551,0.1,246.7,511.0,HAWKEYE,IMO0000000,WDE8719,37.0,,29.0,7.0,,,B
131,368024590,2021-03-07 01:50:17.500,33.38395973333334,-118.3589102,0.2,254.1,511.0,BOTTOM SCRATCHER,IMO0000000,WDJ9293,34.0,,21.0,6.0,,,B
132,338245918,2021-03-07 01:50:17.500,33.7516700338983,-118.1104301016949,0.0,324.1,511.0,SCARLET FIRE,IMO0000000,,36.0,,13.0,4.0,,,B
133,355456000,2021-03-07 01:50:17.500,33.73770059800664,-118.21583059800665,0.2,143.8,247.0,ISS SPIRIT,IMO9538971,HPPW,70.0,1.0,171.0,28.0,10.6,,A
134,367574860,2021-03-07 01:50:17.500,33.72674,-118.06497,0.0,239.1,511.0,WHITE SHARK,,WDG8183,37.0,,14.0,,,,B
135,338339611,2021-03-07 01:50:17.500,33.60196,-117.89744,0.0,360.0,318.0,VAL AIR,IMO0000000,,37.0,,11.0,4.0,,,B
136,367689990,2021-03-07 01:50:17.500,33.73422690909091,-118.27731690909091,0.0,15.8,511.0,HARBOR KING,,WDI3598,60.0,0.0,18.0,7.0,,60.0,A
137,338316792,2021-03-07 01:50:17.500,33.60979989966555,-117.89506,0.0,360.0,511.0,SPACE,IMO0000000,,37.0,,14.0,4.0,,,B
138,338393343,2021-03-07 01:50:17.500,33.72454006655573,-118.2817,0.0,360.0,511.0,CENT' ANNI',IMO0000000,,37.0,,11.0,6.0,,,B
139,367507960,2021-03-07 01:50:17.500,33.77193121621622,-118.21166,0.0,274.2,511.0,185 3,,WDF9705,90.0,3.0,54.0,,,,A
140,367655460,2021-03-07 01:50:17.500,33.664469908256876,-118.27417376146789,9.7,27.5,511.0,NATIVE SUN,,WDH8179,60.0,0.0,22.0,7.0,,,A
141,366978720,2021-03-07 01:50:17.500,33.73113220183487,-118.26101559633027,0.0,292.7,340.0,MILLENNIUM FALCON,IMO9219575,WCZ8082,31.0,0.0,32.0,11.0,4.9,,A
142,368113630,2021-03-07 01:50:17.500,33.71386492385786,-118.11796197969544,7.8,308.3,511.0,ARTEMIS,IMO0000000,WDL2602,36.0,,20.0,6.0,,,B
143,367647270,2021-03-07 01:50:17.500,33.735465272727275,-118.27119,0.0,270.1,511.0,JOHN HENRY,IMO8978174,WDH7347,60.0,0.0,29.0,7.0,,39.0,A
144,367681720,2021-03-07 01:50:17.500,33.764171272727275,-118.24471436363636,0.0,301.1,511.0,CATALINA DUKE,IMO8986133,WDI2784,60.0,0.0,24.0,7.0,,,A
145,366926740,2021-03-07 01:50:17.500,33.75986527272728,-118.21888363636363,7.8,161.7,155.0,TIM QUIGG,IMO8987917,WDB6570,31.0,0.0,24.0,9.0,4.0,52.0,A
146,310661000,2021-03-07 01:50:17.500,33.73493332225914,-118.14233498338871,0.3,153.0,243.0,ROYAL PRINCESS,IMO9584712,ZCEI3,60.0,1.0,330.0,38.0,8.5,,A
147,367580930,2021-03-07 01:50:17.500,33.72286039603961,-118.26334643564357,9.0,354.0,511.0,TRIUMPHANT,IMO9759692,WDG8773,60.0,0.0,25.0,8.0,,,A
148,368064650,2021-03-07 01:50:17.500,33.72368,-118.27966756756757,0.0,360.0,511.0,,,,,15.0,,,,,A
149,311000801,2021-03-07 01:50:17.500,33.72531046666666,-118.27618,0.0,341.2,164.0,,,,,5.0,,,,,A
150,338310725,2021-03-07 01:50:17.500,33.71963,-118.27672046666667,0.0,99.6,511.0,WAHOO,IMO0000000,WDD8948,37.0,,11.0,4.0,,,B
151,367348670,2021-03-07 01:50:17.500,33.610669732441465,-117.92409,0.0,0.0,511.0,DAUNTLESS,,WDE4094,37.0,,15.0,4.0,,,B
152,244128000,2021-03-07 01:50:17.500,33.73469813333333,-118.15240053333333,0.0,287.1,255.0,WESTERDAM,IMO9226891,PINX,60.0,1.0,285.0,32.0,8.0,,A
153,366857070,2021-03-07 01:50:17.500,33.75887,-118.19567626666667,5.9,109.7,511.0,JET CAT EXPRESS,IMO9367475,WDA8695,60.0,5.0,44.0,10.0,,40.0,A
154,338146692,2021-03-07 01:50:17.500,33.7507682781457,-118.1116517218543,0.0,62.8,511.0,DREAMER,,,37.0,,12.0,,,,B
155,338347197,2021-03-07 01:50:17.500,33.758227727272725,-118.18765568181819,0.6,360.0,511.0,338347197,IMO0000000,,37.0,,8.0,3.0,,,B
156,229979000,2021-03-07 01:50:17.500,33.767461000000004,-118.23715933333332,0.0,243.1,74.0,SANTA BETTINA,IMO9338084,9HA3768,70.0,5.0,222.0,30.0,12.0,70.0,A
157,368167990,2021-03-07 01:50:17.500,33.608415572519085,-117.91601351145037,4.8,269.6,266.0,IT'S ALL GOOD,IMO0000000,WDL8279,37.0,,14.0,5.0,,,B
158,367492920,2021-03-07 01:50:17.500,33.735017567567574,-118.27099135135136,0.0,285.1,511.0,KENNETH CARL,IMO8978710,WDF8246,90.0,0.0,33.0,7.0,2.7,79.0,A
159,367616930,2021-03-07 01:50:17.500,33.72446185618729,-118.28075,0.0,36.4,511.0,MAGICIAN,,WDH4360,60.0,,17.0,4.0,,,B
160,338325903,2021-03-07 01:50:17.500,33.72604,-118.07616523178808,0.0,360.0,511.0,T'S TIME,IMO0000000,,37.0,,18.0,6.0,,,B
161,338351509,2021-03-07 01:50:17.500,33.72105040268456,-118.28030959731544,0.0,338.5,511.0,AMALTHEA,IMO0000000,,37.0,,14.0,5.0,,,B
162,538003788,2021-03-07 01:50:17.500,33.76158,-118.2526140291262,0.0,248.5,249.0,THRASHER,IMO9347932,V7TE3,70.0,5.0,189.0,32.0,12.5,70.0,A
163,367014480,2021-03-07 01:50:17.500,33.76719,-118.220417,0.0,152.0,511.0,DURANGO,,WDC3807,31.0,0.0,18.0,7.0,,52.0,A
164,338125218,2021-03-07 01:50:17.500,33.60972,-117.89552946666666,0.0,360.0,511.0,BIANCA,,,37.0,,,,,,B
165,219210000,2021-03-07 01:50:17.500,33.73251734219269,-118.24652362126247,0.0,226.7,71.0,,,,,5.0,,,,,A
166,367599960,2021-03-07 01:50:17.500,33.72067,-118.27816,0.0,69.7,511.0,THE REAGAN YEARS,,WDH2666,37.0,,14.0,4.0,,,B
167,367646260,2021-03-07 01:50:17.500,33.75144049833887,-118.11338199335549,0.0,118.9,511.0,CABERNET SKY,,WDH7244,37.0,,14.0,,,,B
168,367698890,2021-03-07 01:50:17.500,33.76098056856188,-118.21835943143813,0.0,309.3,511.0,FIREBOAT 20,,WDI4461,90.0,5.0,32.0,,,,A
169,338324023,2021-03-07 01:50:17.500,33.61518473421927,-117.90245,0.0,360.0,511.0,10 BY 10,IMO0000000,,37.0,,0.0,0.0,,,B
170,338207261,2021-03-07 01:50:17.500,33.72882973244147,-118.07254053511706,0.0,360.0,511.0,TRUE GRIT,IMO0000000,,37.0,,13.0,5.0,,,B
171,338393766,2021-03-07 01:50:17.500,33.61043935,-117.92555,0.0,360.0,511.0,TILT UPS,IMO0000000,,37.0,,12.0,4.0,,,B
172,367303760,2021-03-07 01:50:17.500,33.6118219,-117.92732126666667,0.0,257.5,511.0,WHATEVER 4,,WDD8866,37.0,5.0,16.0,5.0,,37.0,A
173,338331188,2021-03-07 01:50:17.500,33.619253552338535,-117.89851289532294,0.0,360.0,67.0,YOU'LL SEA,IMO0000000,,37.0,,13.0,4.0,,,B
174,367704790,2021-03-07 01:50:17.500,33.73407,-118.2772,0.2,289.9,511.0,CHRISTOPHER,,WDI5065,60.0,,19.0,8.0,,,B
175,319113700,2021-03-07 01:50:17.500,33.61115,-117.92349,0.0,195.4,511.0,,,,,5.0,,,,,A
176,338336014,2021-03-07 01:50:17.500,33.77457841584159,-118.2452,0.0,167.4,511.0,KANWARA,IMO0000000,,36.0,,18.0,5.0,,,B
177,338364968,2021-03-07 01:50:17.500,33.752150761589405,-118.1113,0.0,360.0,511.0,BRISA,IMO0000000,,36.0,,12.0,4.0,,,B
178,338211562,2021-03-07 01:50:17.500,33.60490808580858,-117.90204,0.0,230.1,511.0,BILLFISH,,,37.0,,,,,,B
179,354314000,2021-03-07 01:50:17.500,33.74956907894737,-118.20885368421052,0.0,288.1,55.0,VITTORIA,IMO9620645,3FJY5,70.0,5.0,225.0,32.0,14.4,,A
180,338391906,2021-03-07 01:50:17.500,33.71230826666667,-118.05418913333334,0.0,360.0,511.0,NO OFF BUTTON,IMO0000000,,37.0,,0.0,0.0,,,B
181,366886630,2021-03-07 01:50:17.500,33.731440482529116,-118.27827,0.1,196.9,511.0,EXY JOHNSON,,WDB3395,90.0,5.0,22.0,6.0,,,A
182,367691660,2021-03-07 01:50:17.500,33.74879455445544,-118.1140206930693,0.0,256.7,511.0,BIBI,,WDI3764,37.0,7.0,19.0,5.0,,,A
183,367589030,2021-03-07 01:50:17.500,33.61436903010033,-117.92671,0.1,289.7,511.0,PARADISO,,WDG9561,60.0,,22.0,6.0,,,B
184,477148100,2021-03-07 01:50:17.500,33.6983382,-118.1215973,0.0,166.0,260.0,,,,,1.0,,,,,A
185,338225409,2021-03-07 01:50:17.500,33.61005194630872,-117.89449,0.0,60.8,511.0,SWEET FREEDOM,,,37.0,,,,,,B
186,338380107,2021-03-07 01:50:17.500,33.760110973154354,-118.12793389261745,0.0,185.6,511.0,REVEILLE,IMO0000000,,37.0,,12.0,4.0,,,B
187,338328494,2021-03-07 01:50:17.500,33.75820903010033,-118.18484096989967,0.0,328.4,511.0,BLUE SKY,IMO0000000,BLUESKY,37.0,,17.0,4.0,,,B
188,338181327,2021-03-07 01:50:17.500,33.71938093333333,-118.28206906666668,0.0,353.4,511.0,QUERENCIA,,,37.0,,9.0,,,,B
189,338185756,2021-03-07 01:50:17.500,33.71593,-118.06274,0.0,144.7,511.0,HATTITUDE,,,37.0,,13.0,,,,B
190,477117900,2021-03-07 01:50:17.500,33.751558,-118.273473,0.0,203.7,330.0,CSCL AUTUMN,IMO9645891,VRNA7,70.0,5.0,334.0,48.0,15.0,,A
191,367791820,2021-03-07 01:50:17.500,33.60951318936877,-117.88836212624585,0.3,340.0,511.0,SALTE,IMO0000000,WDJ5840,37.0,,23.0,6.0,,,B
192,416465000,2021-03-07 01:50:17.500,33.76425893687708,-118.27203,0.0,340.0,199.0,YM UPSURGENCE,IMO9462720,BLHJ,70.0,5.0,333.0,42.0,13.0,,A
193,338303696,2021-03-07 01:50:17.500,33.61378109634551,-117.91259109634551,0.0,70.8,511.0,DARK SIDE,IMO0000000,,37.0,,11.0,4.0,,,B
194,338339764,2021-03-07 01:50:17.500,33.72243,-118.27901881578947,0.0,267.7,511.0,MILLER TIME,IMO0000000,,37.0,,15.0,4.0,,,B
195,370739000,2021-03-07 01:50:17.500,33.758957623762385,-118.21740118811881,0.0,91.4,155.0,GLOBAL SERENITY,IMO9363302,3FMK5,70.0,5.0,177.0,28.0,10.0,79.0,A
196,368154350,2021-03-07 01:50:17.500,33.60552,-117.90916062101911,0.0,360.0,511.0,TALL COTTON,IMO0000000,WDL6814,37.0,,15.0,4.0,,,B
197,310768000,2021-03-07 01:50:17.500,33.69588,-118.15023,0.1,216.9,262.0,DUESSELDORF EXPRESS,IMO9143556,ZCEV4,70.0,1.0,293.0,32.0,13.6,,A
198,311000923,2021-03-07 01:50:17.500,33.69423,-118.19954013333334,0.2,195.9,259.0,,,,,1.0,,,,,A
199,367427670,2021-03-07 01:50:17.500,33.34622881188118,-118.32367881188118,0.2,124.4,511.0,MAGNA CARTA,,WDF2350,37.0,0.0,23.0,6.0,,37.0,A
200,215346000,2021-03-07 01:50:17.500,33.73278246666666,-118.25435616666667,0.0,74.6,251.0,,,,,5.0,,,,,A
201,367762210,2021-03-07 01:50:17.500,33.7169,-118.27873,0.0,15.3,511.0,ALOHA,,WDJ2837,37.0,,,,,,B
202,353524000,2021-03-07 01:50:17.500,33.76062868421053,-118.27347131578948,0.0,248.5,197.0,NYK ARCADIA,IMO9468310,3EXI5,70.0,5.0,332.0,45.0,14.0,,A
203,368104230,2021-03-07 01:50:17.500,33.610911337792636,-117.92603,0.0,0.0,226.0,ODYSSEY,IMO0000000,WDK9495,37.0,,18.0,5.0,,,B
204,255805584,2021-03-07 01:50:17.500,33.706898139534886,-118.1283788372093,0.5,0.1,270.0,NORTHERN VOLITION,IMO9304978,CQHI,70.0,1.0,221.0,29.0,11.4,,A
205,367682160,2021-03-07 01:50:17.500,33.314849912536445,-118.39361752186589,1.3,0.3,511.0,ANGELS GATE,IMO0000000,WDI2830,30.0,,16.0,12.0,,,B
206,367309330,2021-03-07 01:50:17.500,33.77154,-118.21206279069767,0.1,310.2,143.0,PACIFIC RAVEN,IMO7114288,WDD9278,31.0,5.0,36.0,9.0,3.9,52.0,A
207,338109181,2021-03-07 01:50:17.500,33.613344024961,-117.924622074883,0.0,276.5,511.0,VENTURE,,,37.0,,,,,,B
208,566949000,2021-03-07 01:50:17.500,33.74326785953178,-118.27354528428094,0.1,222.9,207.0,EVER LEGEND,IMO9604093,9V9724,70.0,5.0,334.0,45.0,14.2,74.0,A
209,636017154,2021-03-07 01:50:17.500,33.64273286666666,-118.1254,0.6,355.0,262.0,SEALAND LOS ANGELES,IMO9383235,A8PD8,70.0,1.0,208.0,29.0,11.6,,A
210,367006790,2021-03-07 01:50:17.500,33.75565241071428,-118.27372040178571,5.4,160.3,511.0,VICKI ANN,,WYE3508,80.0,5.0,22.0,7.0,,80.0,A
211,477170700,2021-03-07 01:50:17.500,33.69827287162162,-118.13720861486487,0.2,269.5,262.0,SEA BAY,IMO9439539,VRER9,80.0,1.0,242.0,42.0,15.4,,A
212,338226227,2021-03-07 01:50:17.500,33.726586494156926,-118.07447,0.0,39.4,511.0,FIGHTING IRISH,,,37.0,,,,,,B
213,636020371,2021-03-07 01:50:17.500,33.70152,-118.21476393333333,0.0,327.9,264.0,,,,,1.0,,,,,A
214,229934000,2021-03-07 01:50:17.500,33.73180617940199,-118.25757073089702,0.0,277.5,252.0,CMA CGM ELBE,IMO9674529,9HA3731,70.0,5.0,299.0,48.0,14.8,,A
215,368037690,2021-03-07 01:50:17.500,33.61246,-117.91401,0.0,360.0,511.0,BARCA NOASTRA,IMO0000000,WDK2665,37.0,,14.0,4.0,,,B
216,338098732,2021-03-07 01:50:17.500,33.72036311036789,-118.2800831103679,0.0,302.2,511.0,IKAROS,,,37.0,,18.0,5.0,,,B
217,303668000,2021-03-07 01:50:17.500,33.71479,-118.27578,0.0,112.2,307.0,GULF RELIANCE,IMO9398474,WDD2703,31.0,5.0,41.0,12.0,,,A
218,367469630,2021-03-07 01:50:17.500,33.77383393939394,-118.24623606060605,0.0,0.0,511.0,BILANS,IMO0000000,WDF6007,36.0,,14.0,4.0,,,B
219,338238542,2021-03-07 01:50:17.500,33.61026373333333,-117.89451,0.0,261.2,511.0,ADVENTURE,,,37.0,,,,,,B
220,636090967,2021-03-07 01:50:17.500,33.7055302,-118.1549533,0.1,49.6,264.0,MONACO,IMO9314961,A8IF2,70.0,1.0,222.0,30.0,12.0,,A
221,338108493,2021-03-07 01:50:17.500,33.61045668874173,-117.89594668874172,0.0,135.5,511.0,CHARISMA,IMO0000000,,37.0,,12.0,5.0,,,B
222,319200700,2021-03-07 01:50:17.500,33.759976754966885,-118.25687377483443,0.0,121.0,68.0,NYK DAEDALUS,IMO9337614,ZGKY8,79.0,5.0,294.0,32.0,12.1,79.0,A
223,563066200,2021-03-07 01:50:17.500,33.735536599999996,-118.1594267,0.0,167.9,248.0,,,,,1.0,,,,,A
224,368090380,2021-03-07 01:50:17.500,33.614286666666665,-117.90469666666667,0.0,270.8,511.0,MARLIN MAGIC,IMO0000000,WDK8051,37.0,,0.0,0.0,,,B
225,338352228,2021-03-07 01:50:17.500,33.607313222591365,-117.886,0.0,360.0,511.0,BLONDIE,IMO0000000,,37.0,,0.0,0.0,,,B
226,538070708,2021-03-07 01:50:17.500,33.611036755852844,-117.92354662207357,0.0,227.0,282.0,CIELO MARE,,V7TK9,37.0,5.0,,,,37.0,A
227,255806506,2021-03-07 01:50:17.500,33.66041233552632,-118.13708957236842,0.2,230.6,260.0,,,,,1.0,,,,,A
228,368073680,2021-03-07 01:50:17.500,33.75097,-118.1111,0.0,39.9,511.0,TEASIP,IMO0000000,WDK6349,36.0,,10.0,4.0,,,B
229,338350423,2021-03-07 01:50:17.500,33.6101,-117.8958,0.0,360.0,511.0,WATER BUFFALO,IMO0000000,,37.0,,12.0,22.0,,,B
230,338142675,2021-03-07 01:50:17.500,33.62233336386345,-117.8956,0.0,288.8,511.0,NUEVO,,,37.0,,18.0,,,,B
231,311603000,2021-03-07 01:50:17.500,33.71486752508361,-118.14385799331103,0.9,130.7,224.0,NAT GEO ORION,IMO9273076,C6TE3,60.0,1.0,102.0,14.0,3.8,,A
232,416464000,2021-03-07 01:50:17.500,33.75429687813021,-118.2755,0.0,330.8,331.0,YM UNICORN,IMO9462732,BLHI,70.0,5.0,333.0,42.0,13.0,,A
233,338116961,2021-03-07 01:50:17.500,33.75457691275168,-118.11544345637584,0.0,245.7,511.0,BALMY,,,37.0,,11.0,,,,B
234,311000112,2021-03-07 01:50:17.500,33.72884408637874,-118.15425,0.0,134.3,251.0,POLARIS VOYAGER,IMO9665748,C6AP4,80.0,1.0,275.0,48.0,17.0,,A
235,354839000,2021-03-07 01:50:17.500,33.7575497,-118.26015443333334,0.0,267.5,37.0,HAMMERSMITH BRIDGE,IMO9395147,3FQE8,70.0,5.0,336.0,45.0,14.0,71.0,A
236,338326628,2021-03-07 01:50:17.500,33.74928,-118.11349,0.0,217.8,511.0,SUSIE Q,IMO0000000,,37.0,,19.0,5.0,,,B
237,367778000,2021-03-07 01:50:17.500,33.73781354515051,-118.2659,0.0,86.2,511.0,KATHY JEANNE,IMO0000000,WDE2421,30.0,,21.0,8.0,,,B
238,338369616,2021-03-07 01:50:17.500,33.752582775919734,-118.10965638795987,0.0,45.3,511.0,SEASCAPE,IMO0000000,,37.0,,0.0,0.0,,,B
239,374158000,2021-03-07 01:50:17.500,33.7622,-118.18312636666667,0.0,44.9,511.0,LOTTUS,IMO0000000,HP8554,37.0,,0.0,0.0,,,B
240,338316866,2021-03-07 01:50:17.500,33.60995,-117.8959464,0.0,360.0,511.0,HALF MOON,IMO0000000,,37.0,,10.0,4.0,,,B
241,354212000,2021-03-07 01:50:17.500,33.70591636666666,-118.20504546666668,0.0,353.7,259.0,NYK METEOR,IMO9337638,3ENA9,70.0,1.0,294.0,32.0,13.5,,A
242,354886000,2021-03-07 01:50:17.500,33.659961833333334,-118.14976096666668,0.5,303.2,283.0,COSCO EUROPE,IMO9345415,3EOC5,70.0,1.0,349.0,45.0,14.5,71.0,A
243,357559000,2021-03-07 01:50:17.500,33.725255901639336,-118.2166,0.0,165.2,251.0,,,,,1.0,,,,,A
244,338322535,2021-03-07 01:50:17.500,33.72840357859532,-118.05986715719064,0.0,360.0,511.0,EAGLES WING,IMO0000000,,37.0,,12.0,0.0,,,B
245,219303000,2021-03-07 01:50:17.500,33.61223629999999,-118.05605740000001,0.0,340.8,268.0,,,,,1.0,,,,,A
246,338380563,2021-03-07 01:50:17.500,33.620503918918914,-117.92749608108107,0.0,360.0,511.0,STINGER,IMO0000000,,37.0,,13.0,4.0,,,B
247,338303738,2021-03-07 01:50:17.500,33.75932,-118.18857753333334,0.0,356.4,511.0,MEIRA LUNA,IMO0000000,,36.0,,10.0,3.0,,,B
248,370188000,2021-03-07 01:50:17.500,33.73683980033278,-118.19291772046589,0.0,273.8,91.0,COSCO AFRICA,IMO9345439,3ERX3,70.0,5.0,349.0,45.0,14.5,,A
249,538002733,2021-03-07 01:50:17.500,33.75923616666666,-118.27690383333332,0.0,163.9,37.0,NAVIOS AMARILLO,IMO9324849,V7LE9,70.0,5.0,260.0,32.0,12.6,,A
250,366746210,2021-03-07 01:50:17.500,33.73416384615385,-118.26811615384615,0.0,360.0,511.0,GRANDE,,WCY2454,60.0,,24.0,7.0,,,B
251,431654000,2021-03-07 01:50:17.500,33.7434356,-118.2010339,0.0,215.8,90.0,,,,,5.0,,,,,A
252,338149432,2021-03-07 01:50:17.500,33.60837395348837,-117.88791604651162,0.1,270.5,511.0,MOBILLITY,,,37.0,,8.0,,,,B
253,338363236,2021-03-07 01:50:17.500,33.71872,-118.27756,0.0,360.0,511.0,WILMA 1,IMO0000000,,37.0,,18.0,16.0,,,B
254,338926430,2021-03-07 01:50:17.500,33.726213993288596,-118.26968600671141,0.0,0.0,161.0,,,,,5.0,,,,,A
255,338060204,2021-03-07 01:50:17.500,33.3471527021041,-118.3243354042082,0.0,360.0,511.0,,,,,1.0,,,,,A
256,338170945,2021-03-07 01:50:17.500,33.60965,-117.89507186666665,0.0,261.4,511.0,QUARTERLY,,,37.0,,15.0,,,,B
257,368121180,2021-03-07 01:50:17.500,33.736178,-118.26966,0.0,259.5,511.0,LAPPD BOAT 42,IMO0000000,WDL3392,55.0,,12.0,4.0,,,B
258,355813000,2021-03-07 01:50:17.500,33.63865161073826,-118.06513741610739,0.2,289.1,267.0,MSC MAXINE,IMO9720287,3EBJ4,70.0,1.0,299.0,48.0,14.5,,A
259,367309970,2021-03-07 01:50:17.500,33.61039,-117.89529,0.0,48.2,511.0,AGUA MAR,,WDD9333,37.0,,10.0,4.0,,,B
260,338177481,2021-03-07 01:50:17.500,33.766847893422145,-118.12264605328893,0.0,360.0,511.0,CINDERELLA,,,37.0,,11.0,,,,B
261,366785290,2021-03-07 01:50:17.500,33.749,-118.11382,0.0,356.6,511.0,MANDALAY,,WDG4601,37.0,,15.0,,,,B
262,477050500,2021-03-07 01:50:17.500,33.75772666666667,-118.214397,0.0,166.3,0.0,MSC ALGECIRAS,IMO9605243,VRMO7,70.0,5.0,299.0,48.0,14.5,71.0,A
263,338394511,2021-03-07 01:50:17.500,33.62042,-117.92746,0.0,360.0,511.0,YEAH BUOY,IMO0000000,,37.0,,0.0,10.0,,,B
264,236728000,2021-03-07 01:50:17.500,33.6873614,-118.13028860000001,0.0,13.0,262.0,,,,,1.0,,,,,A
265,367450790,2021-03-07 01:50:17.500,33.6204815,-117.92683566666666,0.0,320.5,511.0,IMAGINE,,WDF4347,37.0,,17.0,5.0,,,B
266,563096700,2021-03-07 01:50:17.500,33.68019274834437,-118.1530303642384,0.2,319.0,271.0,EVER SAFETY,IMO9300465,9V2792,71.0,1.0,300.0,43.0,-12.0,71.0,A
267,367751940,2021-03-07 01:50:17.500,33.61583,-117.90614278333332,0.0,360.0,511.0,JAMMIN',IMO0000000,WDI9765,37.0,,13.0,7.0,,,B
268,338239291,2021-03-07 01:50:17.500,33.61995558528428,-117.89644558528428,0.0,29.6,511.0,HANA PA'A,,,37.0,,7.0,,,,B
269,338311935,2021-03-07 01:50:17.500,33.7591,-118.18505099999999,0.0,143.4,511.0,SEAFOX,IMO0000000,,36.0,,16.0,6.0,,,B
270,477652300,2021-03-07 01:50:17.500,33.761065536912746,-118.2142,0.1,239.1,359.0,,,,,5.0,,,,,A
271,245304000,2021-03-07 01:50:17.500,33.745790764119604,-118.27528614617941,0.0,209.9,25.0,ZUIDERDAM,IMO9221279,PBIG,60.0,5.0,285.0,32.0,8.0,,A
272,431552000,2021-03-07 01:50:17.500,33.666086,-118.109872,0.1,343.6,266.0,,,,,1.0,,,,,A
273,367766020,2021-03-07 01:50:17.500,33.61469787375415,-117.91429425249169,0.0,360.0,511.0,FULL THROTTLE,IMO0000000,,37.0,,0.0,0.0,,,B
274,367344710,2021-03-07 01:50:17.500,33.61481,-117.91454,0.0,38.9,23.0,SERENGETI,,WDE3827,37.0,5.0,35.0,7.0,,37.0,A
275,338926432,2021-03-07 01:50:17.500,33.725009261744965,-118.26921389261744,0.0,151.3,343.0,,,,,5.0,,,,,A
276,636019206,2021-03-07 01:50:17.500,33.62215926686217,-118.06635316715543,0.0,44.8,263.0,,,,,1.0,,,,,A
277,338208967,2021-03-07 01:50:17.500,33.75718,-118.1871938870432,0.0,106.0,511.0,ANEJO,,,37.0,,,,,,B
278,367506190,2021-03-07 01:50:17.500,33.72428067055394,-118.28153533527697,0.0,230.5,511.0,THALASSA,,WDF9539,37.0,,15.0,,,,B
279,477282600,2021-03-07 01:50:17.500,33.728513166666666,-118.22551233333334,0.1,165.6,257.0,SAGA ENTERPRISE,IMO9343481,VRCC8,70.0,1.0,199.0,30.0,11.8,,A
280,367720030,2021-03-07 01:50:17.500,33.608263758389256,-117.88776751677852,0.0,205.6,511.0,HONEY,,WDI6568,37.0,,,,,,B
281,354804000,2021-03-07 01:50:17.500,33.76322379999999,-118.24796,0.0,181.4,67.0,KOA MARU,IMO9114634,3FWF4,80.0,5.0,92.0,13.0,5.5,,A
282,338500000,2021-03-07 01:50:17.500,33.7564637458194,-118.21836,0.0,160.8,340.0,EAGLE BAY,IMO9642095,KEBO,80.0,5.0,251.0,43.0,15.0,80.0,A
283,338217105,2021-03-07 01:50:17.500,33.61214,-117.92657220000001,0.0,349.5,511.0,BATEAU L'HEUREUX,,,37.0,,,,,,B
284,338360094,2021-03-07 01:50:17.500,33.720898146911516,-118.27870370617697,0.0,360.0,511.0,PACIFIC HAVEN,IMO0000000,,37.0,,15.0,5.0,,,B
285,338199216,2021-03-07 01:50:17.500,33.72111,-118.27909629999999,0.0,344.6,511.0,EXIT PLAN,IMO0000000,,37.0,,5.0,12.0,,,B
286,367625790,2021-03-07 01:50:17.500,33.61670635451505,-117.92474364548495,0.0,264.8,511.0,LADY K,,WDH5226,37.0,,20.0,,,,B
287,366972660,2021-03-07 01:50:17.500,33.6134336423841,-117.9246,0.0,360.0,153.0,GOOD FELLA,IMO0000000,,37.0,,21.0,20.0,,,B
288,338240395,2021-03-07 01:50:17.500,33.34688546666666,-118.32544636666667,0.3,80.3,511.0,TIDAL WAVE,,,37.0,,,,,,B
289,366979370,2021-03-07 01:50:17.500,33.77050713804713,-118.21250427609426,0.1,56.8,243.0,EDITH FOSS,IMO7932355,WYQ8798,31.0,5.0,23.0,8.0,,,A
290,219199000,2021-03-07 01:50:17.500,33.73140296296297,-118.2506145117845,0.0,276.3,71.0,,,,,5.0,,,,,A
291,636014997,2021-03-07 01:50:17.500,33.6359807,-118.13913783333332,0.0,274.1,274.0,YM MOBILITY,IMO9457737,A8XY6,70.0,1.0,305.0,40.0,14.0,,A
292,338034287,2021-03-07 01:50:17.500,33.61797,-117.92736168253967,0.0,108.3,511.0,TITUS,IMO0000000,TITUS,37.0,,20.0,6.0,,,B
293,477655200,2021-03-07 01:50:17.500,33.6695675,-118.158094,0.0,146.0,258.0,COSCO JAPAN,IMO9448748,VRFX5,70.0,1.0,334.0,42.0,14.5,71.0,A
294,636018890,2021-03-07 01:50:17.500,33.73020857627119,-118.20038857627118,0.2,323.7,254.0,,,,,1.0,,,,,A
295,338226062,2021-03-07 01:50:17.500,33.60821828618968,-117.92186,0.0,360.0,511.0,PASSAGE,IMO0000000,,37.0,,12.0,4.0,,,B
296,367645910,2021-03-07 01:50:17.500,33.60936,-117.90093662207359,0.0,263.5,511.0,SATISFACTION,,WDH7210,37.0,,23.0,6.0,,,B
297,338360074,2021-03-07 01:50:17.500,33.618234449999996,-117.924502,2.6,124.8,511.0,MARISOL,IMO0000000,,37.0,,14.0,4.0,,,B
298,367689860,2021-03-07 01:50:17.500,33.61125697674419,-117.92362697674419,0.0,293.3,511.0,POTESTA,,WDI3585,37.0,,24.0,,,,B
299,338354382,2021-03-07 01:50:17.500,33.61031707070707,-117.92535292929293,0.0,360.0,511.0,SEACLUSION,IMO0000000,,37.0,,14.0,5.0,,,B
300,367308610,2021-03-07 01:50:17.500,33.77154293333333,-118.21156880000001,0.0,67.0,240.0,SARAH C,,WDD9226,31.0,5.0,19.0,6.0,,31.0,A
301,367793650,2021-03-07 01:50:17.500,33.71988435,-118.27873145,0.0,49.0,511.0,BLOW ME,IMO0000000,WDJ6029,36.0,,14.0,8.0,,,B
302,338228367,2021-03-07 01:50:17.500,33.7491416,-118.11436280000001,0.0,242.9,511.0,MY REVENGE,IMO0000000,,37.0,,19.0,7.0,,,B
303,538090583,2021-03-07 01:50:17.500,33.65017,-118.14333,0.1,5.0,262.0,,,,,1.0,,,,,A
304,338382138,2021-03-07 01:50:17.500,33.6058210889443,-117.88531663341645,0.0,360.0,511.0,REEL NOYES,IMO0000000,,37.0,,17.0,5.0,,,B
305,338137334,2021-03-07 01:50:17.500,33.71287777408638,-118.05615777408639,0.0,0.0,511.0,SEALILY,,,37.0,,14.0,,,,B
306,367314820,2021-03-07 01:50:17.500,33.717779288888885,-118.27909071111111,0.0,32.8,511.0,SUNDANCE,,WDD9682,37.0,,18.0,5.0,,,B
307,338397183,2021-03-07 01:50:17.500,33.74981320843091,-118.12239,0.2,360.0,511.0,EL TANGLERO,IMO0000000,,37.0,,4.0,2.0,,,B
308,338229302,2021-03-07 01:50:17.500,33.75329,-118.11110080133555,0.0,263.1,511.0,NAUTICAL SMILE,,,37.0,,,,,,B
309,366745460,2021-03-07 01:50:17.500,33.75072,-118.11348491666666,0.0,360.0,511.0,RESCUE BOAT 127,IMO0000000,,37.0,,9.0,4.0,,,B
310,367033480,2021-03-07 01:50:17.500,33.7381,-118.26609,0.0,109.8,511.0,CRYSTAL SEA,IMO0000000,WDC4959,30.0,,20.0,6.0,,,B
311,367468890,2021-03-07 01:50:17.500,33.614310397351,-117.91359,0.0,0.0,511.0,MONKEY BIZ,,WDF5938,37.0,,19.0,5.0,,,B
312,566958000,2021-03-07 01:50:17.500,33.687716066666674,-118.14167606666668,0.1,78.3,258.0,,,,,1.0,,,,,A
313,366897980,2021-03-07 01:50:17.500,33.762646233333335,-118.11684943333334,0.0,0.0,511.0,XIPHIAS,,WDB4397,37.0,,15.0,5.0,,,B
314,255805913,2021-03-07 01:50:17.500,33.74361,-118.19583,0.0,357.2,91.0,EVER CHIVALRY,IMO9293791,CQIB5,70.0,5.0,333.0,42.0,14.5,,A
315,413209750,2021-03-07 01:50:17.500,33.75842126245847,-118.26163873754153,0.0,327.3,219.0,,,,,5.0,,,,,A
316,367709320,2021-03-07 01:50:17.500,33.7214,-118.28042,0.0,53.2,511.0,QIQI,,WDI5509,37.0,,15.0,,,,B
317,338247851,2021-03-07 01:50:17.500,33.72691,-118.07568,0.0,93.5,511.0,GO TIME,IMO0000000,,30.0,,10.0,4.0,,,B
318,367676990,2021-03-07 01:50:17.500,33.613406943521596,-117.91139,0.0,0.0,511.0,NEVER SAY NEVER,,WDI2323,37.0,,20.0,5.0,,,B
319,338396669,2021-03-07 01:50:17.500,33.71953,-118.28156,0.0,261.4,511.0,ALTHEA,IMO0000000,,37.0,,10.0,4.0,,,B
320,366328490,2021-03-07 01:50:17.500,33.61429,-117.9135099,0.0,268.8,511.0,DON JUAN,,WRB6521,37.0,,22.0,6.0,,,B
321,338391781,2021-03-07 01:50:17.500,33.75202,-118.11044286195286,0.0,360.0,511.0,FUNICULAR,IMO0000000,,36.0,,12.0,4.0,,,B
322,636018356,2021-03-07 01:50:17.500,33.73665,-118.1888,0.0,259.8,92.0,,,,,5.0,,,,,A
323,338122738,2021-03-07 01:50:17.500,33.723956212624586,-118.28373,0.1,52.0,511.0,FREE SPIRIT,,,37.0,,12.0,,,,B
324,338181008,2021-03-07 01:50:17.500,33.71417194675541,-118.06258778702163,0.1,236.8,511.0,JANICE O,,,37.0,,15.0,,,,B
325,368117820,2021-03-07 01:50:17.500,33.76152,-118.19224207011686,0.1,152.0,511.0,VOYAGER,IMO0000000,WDL3042,36.0,,13.0,4.0,,,B
326,366745470,2021-03-07 01:50:17.500,33.75838,-118.18388424749165,0.1,360.0,511.0,RESCUE BOAT 128,IMO0000000,,37.0,,8.0,4.0,,,B
327,236000990,2021-03-07 01:50:17.500,33.61158722129783,-117.92678555740433,0.0,0.0,511.0,TATU,IMO0000000,ZDEU2,37.0,,28.0,6.0,,,B
328,636018560,2021-03-07 01:50:17.500,33.678744418604644,-118.10833,0.1,259.0,242.0,SEALAND GUAYAQUIL,IMO9383259,A8QP3,71.0,1.0,209.0,30.0,8.7,70.0,A
329,311827000,2021-03-07 01:50:17.500,33.729686447876446,-118.1474303088803,0.0,55.9,265.0,NORWEGIAN JEWEL,IMO9304045,C6TX6,60.0,1.0,294.0,37.0,8.3,,A
330,338181288,2021-03-07 01:50:17.500,33.605473444816056,-117.90290344481605,0.0,267.3,511.0,SQUID INC,,,37.0,,10.0,,,,B
331,235093067,2021-03-07 01:50:17.500,33.61901,-117.92342,0.0,360.0,511.0,JABBERWOCKY,IMO0000000,2FPB6,37.0,,22.0,6.0,,,B
332,338228516,2021-03-07 01:50:17.500,33.61409760797342,-117.9043880398671,0.0,360.0,511.0,REFUGE,,,37.0,,,,,,B
333,338200813,2021-03-07 01:50:17.500,33.610393267326735,-117.89578,0.0,128.4,511.0,TO LIFE,,,37.0,,,,,,B
334,338093245,2021-03-07 01:50:17.500,33.62176,-117.89383,0.0,259.4,511.0,REGULATOR,,,37.0,,,,,,B
335,338139535,2021-03-07 01:50:17.500,33.71936,-118.05757,0.0,288.1,511.0,CAST AWAY,IMO0000000,WDA2202,37.0,,16.0,3.0,,,B
336,367333140,2021-03-07 01:50:17.500,33.611243754152824,-117.9265,0.0,268.1,511.0,PARADIGM,,WDE3030,37.0,,22.0,,,,B
337,338316979,2021-03-07 01:50:17.500,33.72587738255034,-118.07506,0.0,360.0,511.0,CZEH MATE,IMO0000000,,37.0,,0.0,0.0,,,B
338,338333431,2021-03-07 01:50:17.500,33.77263,-118.24828,0.7,230.1,511.0,AVENTURA,IMO0000000,AVENTUR,37.0,,0.0,0.0,,,B
339,338209606,2021-03-07 01:50:17.500,33.72533,-118.07656,0.1,60.7,511.0,TELESTO,,,37.0,,,,,,B
340,372270000,2021-03-07 01:50:17.500,33.655018015602145,-118.19538060458314,11.1,207.2,218.0,KING FREIGHT,IMO9425760,3FKH4,70.0,0.0,189.0,32.0,12.8,,A
341,367328510,2021-03-07 01:50:17.500,33.60686,-117.90833,0.1,61.1,511.0,DEMAR,,WDE2702,37.0,,12.0,3.0,,,B
342,338392591,2021-03-07 01:50:17.500,33.62169,-117.8964,0.0,48.1,511.0,SAY ANYTHING,IMO0000000,,37.0,,10.0,4.0,,,B
343,338162425,2021-03-07 01:50:17.500,33.61078,-117.894,0.0,30.3,511.0,CHELSEA SKYE  TWO,IMO0000000,,37.0,,0.0,0.0,,,B
344,367034960,2021-03-07 01:50:17.500,33.7676,-118.21697,0.0,316.3,31.0,PONO,,WCB4095,31.0,0.0,22.0,8.0,,,A
345,368136950,2021-03-07 01:50:17.500,33.75965,-118.21815,2.5,76.8,66.0,,,,,0.0,,,,,A
346,367533290,2021-03-07 01:50:17.500,33.7345,-118.27072,0.1,279.2,511.0,MARIE CHERAMIE,IMO8964862,WDG4131,90.0,0.0,49.0,13.0,3.1,0.0,A
347,366943960,2021-03-07 01:50:17.500,33.42467,-117.78567,29.5,76.6,511.0,CATALINA EXPRESS,IMO8967888,WCJ6210,60.0,0.0,30.0,6.0,,,A
348,367471080,2021-03-07 01:50:17.500,33.71201,-118.10199,13.6,313.1,511.0,ISABEL L,,WDF6141,60.0,0.0,27.0,5.0,,,A
349,368024740,2021-03-07 01:50:17.500,33.74723,-118.21567,0.0,70.4,101.0,,,,,15.0,,,,,A
350,367104070,2021-03-07 01:50:17.500,33.61141,-118.15928,14.5,303.1,511.0,PATRICK,IMO8982541,WDC9572,60.0,0.0,31.0,6.0,,42.0,A
351,366998840,2021-03-07 01:50:17.500,33.76235,-118.25472,0.4,43.7,188.0,MILLENNIUM MAVERICK,IMO9159713,WDC2866,31.0,0.0,30.0,11.0,4.6,,A
352,366760650,2021-03-07 01:50:17.500,33.74982,-118.21544,0.0,23.2,309.0,LEADER,IMO9188568,WCY8495,31.0,0.0,31.0,10.0,4.3,52.0,A
353,367760290,2021-03-07 01:50:17.500,33.74759,-118.21567,0.0,25.2,284.0,FIREBOAT 15,,WDJ2641,90.0,0.0,,,,,A
354,367001740,2021-03-07 01:50:17.500,33.603,-117.8991,0.0,96.0,213.0,CATALINA FLYER,,WTD8887,60.0,0.0,34.0,11.0,,,A
355,367422010,2021-03-07 01:50:17.500,33.74532,-118.27228,0.0,360.0,511.0,,,,,3.0,,,,,A
356,367733880,2021-03-07 01:50:17.500,33.72366,-118.07131,0.0,360.0,511.0,HIGH PRYORITY,,WDI7956,37.0,0.0,,,,,A
357,368159190,2021-03-07 01:50:17.500,33.74733,-118.21561,0.0,164.9,511.0,,,,,15.0,,,,,A
358,367189840,2021-03-07 01:50:17.500,33.61149,-117.90105,0.0,267.6,511.0,ESOTERIC,,WDD7687,37.0,0.0,23.0,6.0,,37.0,A
359,338131199,2021-03-07 01:50:17.500,33.76213,-118.19436,0.0,131.8,511.0,,,,,15.0,,,,,A
360,373183000,2021-03-07 01:50:17.500,33.62804,-118.07665,0.1,115.3,266.0,,,,,1.0,,,,,A
