,MMSI,BaseDateTime,LAT,LON,SOG,COG,Heading,VesselName,IMO,CallSign,VesselType,Status,Length,Width,Draft,Cargo,TranscieverClass,LONpx_X2,LATpx_Y2
0,366745470,2021-11-25 01:57:58.500,33.75839,-118.18389747595228,0.0,360.0,511.0,RESCUE BOAT 128,IMO0000000,,37.0,,8.0,4.0,,,B,2579,674
1,367133910,2021-11-25 01:57:58.500,33.76547390909091,-118.25556072727274,0.0,219.4,511.0,BETHEL F GIFFORD,,WS9087,90.0,0.0,22.0,7.0,,51.0,A,1781,595
2,366983530,2021-11-25 01:57:58.500,33.75695442307692,-118.26204634615384,4.6,225.5,46.0,JOHN QUIGG,IMO8987929,WDB9828,31.0,0.0,24.0,9.0,4.0,52.0,A,1709,690
3,367709320,2021-11-25 01:57:58.500,33.72141076973255,-118.28043,0.1,280.4,511.0,QIQI,,WDI5509,37.0,,15.0,,,,B,1504,1085
4,235102679,2021-11-25 01:57:58.500,33.74329790465116,-118.2734727116279,0.0,27.3,207.0,EVER LISSOME,IMO9629079,2HDG3,70.0,5.0,334.0,45.0,14.2,74.0,A,1582,842
5,367625810,2021-11-25 01:57:58.500,33.77313,-118.21734,0.0,204.9,245.0,VETERAN,IMO9765720,WDH5227,31.0,0.0,31.0,12.0,,52.0,A,2207,510
6,366979370,2021-11-25 01:57:58.500,33.77094049689442,-118.2113598757764,0.0,186.7,123.0,EDITH FOSS,IMO7932355,WYQ8798,31.0,0.0,23.0,8.0,,52.0,A,2273,534
7,368000890,2021-11-25 01:57:58.500,33.7716605538662,-118.21177011077324,0.0,121.5,146.0,BETTY R GAMBARELLA,IMO7517478,WDJ6855,31.0,5.0,27.0,8.0,3.3,32.0,A,2269,526
8,338419418,2021-11-25 01:57:58.500,33.72201,-118.28126010692702,0.1,252.6,53.0,MANA-KAI,IMO0000000,,37.0,,12.0,5.0,,,B,1495,1079
9,338602000,2021-11-25 01:57:58.500,33.77636,-118.21083711711712,0.0,37.0,62.0,BALTIMORE,IMO9804784,WDI9338,31.0,0.0,30.0,,,52.0,A,2279,474
10,367698890,2021-11-25 01:57:58.500,33.76098011863225,-118.21835,0.0,173.9,511.0,FIREBOAT 20,,WDI4461,90.0,5.0,32.0,,,90.0,A,2195,645
11,636092268,2021-11-25 01:57:58.500,33.63482988617886,-118.1416803414634,0.0,102.7,278.0,MSC RAVENNA,IMO9484431,A8ZU8,70.0,1.0,365.0,51.0,16.0,74.0,A,3049,2049
12,538007905,2021-11-25 01:57:58.500,33.6963697767961,-118.13791,0.0,330.4,279.0,HMM PROMISE,IMO9742168,V7VY7,70.0,1.0,330.0,48.0,13.1,70.0,A,3091,1364
13,338366226,2021-11-25 01:57:58.500,33.72339,-118.28064243386244,0.0,237.1,223.0,V.A.POINT VICENTE,,,31.0,0.0,23.0,6.0,2.0,31.0,A,1502,1063
14,351361000,2021-11-25 01:57:58.500,33.687689786096264,-118.21541,0.1,89.9,293.0,MSC KALINA,IMO9399026,3ETW2,70.0,1.0,366.0,51.0,15.6,71.0,A,2228,1461
15,338225409,2021-11-25 01:57:58.500,33.75734850032602,-118.18728925016302,0.0,106.0,511.0,SWEET FREEDOM,,,37.0,,,,,,B,2541,685
16,338326628,2021-11-25 01:57:58.500,33.74952010465116,-118.11376031395348,0.0,315.0,511.0,SUSIE Q,IMO0000000,,37.0,,19.0,5.0,,,B,3360,773
17,367697580,2021-11-25 01:57:58.500,33.72259,-118.07003,0.0,89.1,511.0,GEORGIA,,WDI4332,37.0,,27.0,,,,B,3846,1072
18,366755020,2021-11-25 01:57:58.500,33.76698281818182,-118.23727145454544,0.5,148.6,511.0,ADMIRAL,IMO9188544,WCY6529,31.0,0.0,31.0,10.0,3.4,52.0,A,1985,578
19,367034960,2021-11-25 01:57:58.500,33.7676,-118.21697792792791,0.0,185.1,31.0,PONO,,WCB4095,31.0,0.0,22.0,8.0,,52.0,A,2211,571
20,636016003,2021-11-25 01:57:58.500,33.72771074114323,-118.20308148228646,0.0,317.3,323.0,HYUNDAI PRIVILEGE,IMO9625554,D5DY5,70.0,1.0,255.0,37.0,13.5,73.0,A,2365,1015
21,538007668,2021-11-25 01:57:58.500,33.71377954651163,-118.15479154186048,0.2,228.4,312.0,NOMADIC MILDE,IMO9463554,V7ZW7,70.0,1.0,138.0,21.0,8.1,79.0,A,2903,1170
22,369567000,2021-11-25 01:57:58.500,33.76027541284404,-118.26769,0.0,134.4,196.0,SEA RELIANCE,IMO9275878,WEOB,31.0,0.0,40.0,12.0,5.9,99.0,A,1646,653
23,477770700,2021-11-25 01:57:58.500,33.64637,-118.15046909090908,0.0,273.0,284.0,COSCO MALAYSIA,IMO9448774,VRGV9,70.0,0.0,334.0,42.0,14.5,71.0,A,2951,1921
24,367044560,2021-11-25 01:57:58.500,33.76271092105263,-118.26567092105265,0.0,241.0,511.0,PHINEAS BANNING,,WCT8646,,15.0,15.0,4.0,,50.0,A,1669,626
25,367049470,2021-11-25 01:57:58.500,33.76268,-118.26569554545456,0.0,218.2,511.0,STEPHEN M WHITE,,WCU6542,90.0,15.0,15.0,4.0,,50.0,A,1668,626
26,367616090,2021-11-25 01:57:58.500,33.770039923255815,-118.21250976976744,0.0,305.1,288.0,SEA FORCE,,WDH4282,90.0,5.0,22.0,,,53.0,A,2260,544
27,368124160,2021-11-25 01:57:58.500,33.72426071972168,-118.06952215916505,0.0,20.7,511.0,JOIA,IMO0000000,WDL3700,37.0,,22.0,6.0,,,B,3852,1054
28,338926430,2021-11-25 01:57:58.500,33.72540013055895,-118.26951,0.0,0.0,345.0,CG ROBERT WARD,,NRTW,55.0,5.0,44.0,8.0,3.0,55.0,A,1626,1041
29,367704790,2021-11-25 01:57:58.500,33.7223433,-118.268888,6.2,333.5,511.0,CHRISTOPHER,,WDI5065,60.0,,19.0,8.0,,,B,1633,1075
30,351819000,2021-11-25 01:57:58.500,33.752300116333174,-118.2388199418334,0.0,275.0,251.0,MSC ALGHERO,IMO9618288,3EVX2,74.0,5.0,300.0,48.0,11.7,74.0,A,1967,742
31,368066450,2021-11-25 01:57:58.500,33.72088993488372,-118.27894019534884,0.0,360.0,511.0,FEISTY ONE,IMO0000000,WDK5602,37.0,,18.0,6.0,,,B,1521,1091
32,566999000,2021-11-25 01:57:58.500,33.69584986982799,-118.12267,0.0,146.0,281.0,HYUNDAI NEW YORK,IMO9385025,9V2196,70.0,1.0,293.0,40.0,14.0,70.0,A,3260,1370
33,368090380,2021-11-25 01:57:58.500,33.75169012561061,-118.10941,0.0,314.2,511.0,MARLIN MAGIC,IMO0000000,WDK8051,37.0,,0.0,0.0,,,B,3408,748
34,373005000,2021-11-25 01:57:58.500,33.73116981852024,-118.25129018147976,0.0,154.6,70.0,MSC VANDYA,IMO9484467,3FDW4,70.0,5.0,365.0,48.0,16.0,71.0,A,1829,977
35,368141530,2021-11-25 01:57:58.500,33.75263,-118.11768992371704,0.0,360.0,511.0,JOINT VENTURE,IMO0000000,WDL5483,37.0,,15.0,6.0,,,B,3316,738
36,366897980,2021-11-25 01:57:58.500,33.762740058139535,-118.11688005813951,0.0,0.0,511.0,XIPHIAS,,WDB4397,37.0,,15.0,5.0,,,B,3325,625
37,257556000,2021-11-25 01:57:58.500,33.74958024435653,-118.2087800488713,0.0,186.1,59.0,SPAR MIRA,IMO9490727,LAJZ7,70.0,5.0,189.0,32.0,12.9,79.0,A,2302,772
38,367309330,2021-11-25 01:57:58.500,33.77161,-118.21187,0.0,220.5,147.0,PACIFIC RAVEN,IMO7114288,WDD9278,31.0,0.0,36.0,9.0,3.9,52.0,A,2267,527
39,368064650,2021-11-25 01:57:58.500,33.7237,-118.27945826086956,0.0,360.0,511.0,KIN SHIP,,WDK5421,37.0,15.0,26.0,6.0,0.0,37.0,A,1515,1060
40,338369616,2021-11-25 01:57:58.500,33.75257,-118.1096506979778,0.0,57.9,511.0,SEASCAPE,IMO0000000,,37.0,,0.0,0.0,,,B,3405,739
41,338321715,2021-11-25 01:57:58.500,33.72697,-118.07577014654572,0.0,360.0,511.0,PACKAGE DEAL,IMO0000000,,37.0,,10.0,4.0,,,B,3783,1024
42,538007617,2021-11-25 01:57:58.500,33.7674984,-118.23648213333334,0.6,164.0,78.0,NAVIOS VERANO,IMO9308015,V7JY3,73.0,0.0,238.0,32.0,10.3,73.0,A,1994,572
43,368208950,2021-11-25 01:57:58.500,33.76776,-118.25039,0.0,190.6,511.0,BOTTOM FEEDER,IMO0000000,WDM4703,36.0,,13.0,4.0,,,B,1839,569
44,538001664,2021-11-25 01:57:58.500,33.74876989534884,-118.17306,0.0,203.0,318.0,REGATTA,IMO9156474,V7DM3,60.0,1.0,180.0,25.0,5.8,60.0,A,2700,781
45,982463044,2021-11-25 01:57:58.500,33.75354230769231,-118.1845524852071,12.0,130.2,511.0,T/T ZUIDERDAM 14,,,,,,,,,B,2572,728
46,367422010,2021-11-25 01:57:58.500,33.73704,-118.09499079470196,0.0,360.0,511.0,VALKYRIE,,WCZ5436,33.0,3.0,62.0,22.0,0.0,33.0,A,3569,911
47,338921000,2021-11-25 01:57:58.500,33.72828010385414,-118.27039,0.0,248.0,158.0,CG GEORGE COBB,IMO9177325,NTVY,90.0,5.0,53.0,10.0,2.4,55.0,A,1616,1009
48,366978720,2021-11-25 01:57:58.500,33.72359133333333,-118.2692016,9.1,158.2,160.0,MILLENNIUM FALCON,IMO9219575,WCZ8082,31.0,0.0,32.0,11.0,4.9,31.0,A,1629,1061
49,255805942,2021-11-25 01:57:58.500,33.703799909302326,-118.14253003023256,0.0,87.6,279.0,HATSU CRYSTAL,IMO9293820,CQIF2,70.0,1.0,333.0,42.0,14.5,71.0,A,3039,1281
50,366760650,2021-11-25 01:57:58.500,33.75582198113207,-118.26891141509437,6.3,355.7,354.0,LEADER,IMO9188568,WCY8495,31.0,0.0,31.0,10.0,4.3,52.0,A,1632,702
51,636092823,2021-11-25 01:57:58.500,33.70717006046512,-118.21570006046512,0.1,90.9,315.0,AS SERAFINA,IMO9410301,D5PY9,74.0,1.0,175.0,28.0,8.2,74.0,A,2225,1244
52,414274000,2021-11-25 01:57:58.500,33.71430007674419,-118.14388017906975,0.1,314.0,235.0,PING AN CHENG,IMO9742974,BOHA,,1.0,,,,70.0,A,3024,1165
53,370885000,2021-11-25 01:57:58.500,33.71335311258278,-118.18648357615892,7.7,188.0,189.0,IRIS SKY,IMO9470777,3FQE7,70.0,0.0,169.0,27.0,9.8,70.0,A,2550,1175
54,338139535,2021-11-25 01:57:58.500,33.71936997826087,-118.05759,0.0,29.0,511.0,CAST AWAY,IMO0000000,WDA2202,37.0,,16.0,3.0,,,B,3985,1108
55,338304048,2021-11-25 01:57:58.500,33.718900027906976,-118.27946,0.0,360.0,511.0,RUMRUNNER 3,IMO0000000,,37.0,,15.0,3.0,,,B,1515,1113
56,367646260,2021-11-25 01:57:58.500,33.75424994421199,-118.113070074384,0.0,19.8,511.0,CABERNET SKY,,WDH7244,37.0,,14.0,,,,B,3367,720
57,565570000,2021-11-25 01:57:58.500,33.755020055800976,-118.23006027900487,0.0,262.3,251.0,MAERSK ALTAIR,IMO9342499,9VEN2,70.0,5.0,337.0,45.0,15.0,71.0,A,2065,711
58,368011010,2021-11-25 01:57:58.500,33.71909,-118.27957,0.0,187.5,511.0,HATTENUFF,IMO0000000,WDJ7882,37.0,,15.0,5.0,,,B,1514,1111
59,367655170,2021-11-25 01:57:58.500,33.7238399627907,-118.2808099627907,0.1,164.5,511.0,PACIFIC STAR,IMO0000000,WDH8150,34.0,,22.0,8.0,,,B,1500,1058
60,338322293,2021-11-25 01:57:58.500,33.72715998139967,-118.07531999069984,0.0,360.0,511.0,SEAS THE DAY,IMO0000000,,37.0,,12.0,4.0,,,B,3788,1021
61,368048380,2021-11-25 01:57:58.500,33.751340013946994,-118.11023,0.0,142.6,511.0,TAVISH B.,IMO0000000,WDK3754,37.0,,12.0,4.0,,,B,3399,752
62,368010330,2021-11-25 01:57:58.500,33.75410342342342,-118.2170618018018,6.9,351.0,511.0,RICH PADDEN,,WDJ7811,,0.0,,,,52.0,A,2210,721
63,367495080,2021-11-25 01:57:58.500,33.71754066304348,-118.27899,0.0,0.0,511.0,NOTORIOUS,,WDF8459,37.0,,15.0,3.0,,,B,1520,1129
64,378113463,2021-11-25 01:57:58.500,33.75121999534992,-118.12152000465008,0.0,360.0,511.0,BOZ CAT,IMO0000000,ZJL2540,37.0,,15.0,7.0,,,B,3273,754
65,232018901,2021-11-25 01:57:58.500,33.65805996666666,-118.1380598,0.0,246.4,303.0,HYUNDAI PLUTO,IMO9725160,MEDZ8,70.0,1.0,324.0,48.0,14.7,70.0,A,3089,1791
66,566881000,2021-11-25 01:57:58.500,33.73267630498534,-118.25413,0.0,70.5,250.0,APL RAFFLES,IMO9631979,9V5388,71.0,5.0,398.0,51.0,14.5,71.0,A,1797,960
67,338131199,2021-11-25 01:57:58.500,33.76212590909091,-118.19441,0.0,4.4,511.0,R/V CHALLENGER,,WDE7334,90.0,15.0,33.0,4.0,0.0,90.0,A,2462,632
68,538004002,2021-11-25 01:57:58.500,33.7487456,-118.21057733333332,0.0,64.0,60.0,FUJI GALAXY,IMO9490301,V7UF2,80.0,5.0,159.0,27.0,10.0,80.0,A,2282,781
69,368171390,2021-11-25 01:57:58.500,33.732445750000004,-118.2484857,0.0,275.7,66.0,BROOKS M HAMILTON,,WDL8631,52.0,0.0,26.0,10.0,2.6,52.0,A,1860,963
70,367719640,2021-11-25 01:57:58.500,33.513266216216216,-118.28134891891892,8.1,8.3,1.0,CATALINA PROVIDER,IMO8793562,WDI6530,70.0,0.0,,,,70.0,A,1494,3402
71,338146692,2021-11-25 01:57:58.500,33.750755514950164,-118.11168,0.0,230.8,511.0,DREAMER,,,37.0,,12.0,,,,B,3383,759
72,368084540,2021-11-25 01:57:58.500,33.74023664705883,-118.27797,0.0,123.9,6.0,DELTA TERESA,,WDK7444,52.0,0.0,28.0,10.0,5.5,52.0,A,1532,876
73,338391781,2021-11-25 01:57:58.500,33.75211507307692,-118.11033835769231,0.0,360.0,511.0,FUNICULAR,IMO0000000,,36.0,,12.0,4.0,,,B,3398,744
74,368117610,2021-11-25 01:57:58.500,33.75844899888765,-118.18469050055616,0.1,360.0,511.0,FRENCH KISSING LIFE,IMO0000000,WDL3018,37.0,,0.0,0.0,,,B,2570,673
75,563098200,2021-11-25 01:57:58.500,33.676463600000005,-118.2113284,0.0,289.0,289.0,X-PRESS GUERNSEY,IMO9631876,9V6657,70.0,1.0,252.0,38.0,9.1,70.0,A,2274,1586
76,310768000,2021-11-25 01:57:58.500,33.6676148,-118.143792,0.0,308.0,308.0,DUESSELDORF EXPRESS,IMO9143556,ZCEV4,70.0,1.0,293.0,32.0,13.6,79.0,A,3025,1684
77,338098732,2021-11-25 01:57:58.500,33.72034,-118.28009,0.0,219.1,511.0,IKAROS,,,37.0,,18.0,5.0,,,B,1508,1097
78,212348000,2021-11-25 01:57:58.500,33.677096887417214,-118.13728337748344,0.0,202.0,299.0,HYUNDAI HONGKONG,IMO9305661,5BZL,70.0,1.0,303.0,40.0,14.0,71.0,A,3098,1579
79,368076520,2021-11-25 01:57:58.500,33.72447350993377,-118.28245824503313,0.0,59.2,511.0,CABRILLO,IMO0000000,,37.0,,12.0,4.0,,,B,1482,1051
80,563018500,2021-11-25 01:57:58.500,33.6110917,-118.0556949,0.0,218.0,283.0,MARITIME SONIA,IMO9766920,9V2829,70.0,1.0,200.0,36.0,7.2,70.0,A,4006,2313
81,368165040,2021-11-25 01:57:58.500,33.71799,-118.27722,0.0,360.0,511.0,ZORRO,IMO0000000,WDL7956,37.0,,19.0,6.0,,,B,1540,1124
82,441736000,2021-11-25 01:57:58.500,33.68460353333334,-118.20205,0.0,202.0,290.0,HYUNDAI INTEGRAL,IMO9347592,D7HI,71.0,1.0,295.0,32.0,12.5,71.0,A,2377,1495
83,338388274,2021-11-25 01:57:58.500,33.71930059020045,-118.27761,0.0,246.6,511.0,THE ESSIE,IMO0000000,,37.0,,12.0,3.0,,,B,1536,1109
84,431315000,2021-11-25 01:57:58.500,33.76061372093023,-118.2733,0.0,291.9,197.0,MOL COMPETENCE,IMO9339662,7JWL,70.0,5.0,316.0,45.0,14.5,71.0,A,1584,649
85,367538260,2021-11-25 01:57:58.500,33.72375,-118.2805315100671,0.0,360.0,511.0,CHELSEA MARIE,IMO0000000,WDG4599,30.0,,0.0,0.0,,,B,1503,1059
86,565032000,2021-11-25 01:57:58.500,33.70264607973422,-118.20485392026578,0.0,219.0,310.0,WAN HAI 312,IMO9248693,S6AS6,70.0,1.0,212.0,32.0,11.5,79.0,A,2346,1294
87,419001223,2021-11-25 01:57:58.500,33.72836993377484,-118.17332589403972,0.1,116.8,264.0,JAG LEELA,IMO9568184,AWTB,80.0,1.0,243.0,42.0,15.0,80.0,A,2697,1008
88,338092107,2021-11-25 01:57:58.500,33.72582947826087,-118.07639052173911,0.0,130.5,511.0,HAMMER,IMO0000000,WDC9051,37.0,,13.0,5.0,,,B,3776,1036
89,368217910,2021-11-25 01:57:58.500,33.75160374269006,-118.11379374269006,3.6,48.6,45.0,BOSPORUS,IMO0000000,WDM5652,37.0,,14.0,8.0,,,B,3359,749
90,338325903,2021-11-25 01:57:58.500,33.72607845953003,-118.07619897302004,0.0,360.0,511.0,T'S TIME,IMO0000000,,37.0,,18.0,6.0,,,B,3778,1033
91,368171260,2021-11-25 01:57:58.500,33.73123404040404,-118.26087595959596,0.0,239.5,339.0,MADELINE B HAMILTON,,WDL8617,57.0,5.0,18.0,8.0,0.0,52.0,A,1722,976
92,477293900,2021-11-25 01:57:58.500,33.6286263,-118.0762842,0.0,192.8,273.0,CSCL SUMMER,IMO9645865,VRMZ7,70.0,1.0,335.0,48.0,15.0,71.0,A,3777,2118
93,255806437,2021-11-25 01:57:58.500,33.71210903889228,-118.20486528609244,0.0,0.1,306.0,HANSA OSTERBURG,IMO9373462,CQEO2,79.0,1.0,175.0,27.0,10.1,79.0,A,2345,1189
94,338329002,2021-11-25 01:57:58.500,33.76712,-118.25179226973684,0.0,203.0,511.0,PREDATOR II,IMO0000000,,37.0,,13.0,6.0,,,B,1823,577
95,354194000,2021-11-25 01:57:58.500,33.705489166666666,-118.15781566666666,0.0,286.0,304.0,BAL PEACE,IMO9249207,H9VC,70.0,1.0,182.0,28.0,8.3,70.0,A,2869,1263
96,355271000,2021-11-25 01:57:58.500,33.75771448160535,-118.26002170568562,0.0,238.3,37.0,GRACE 1,IMO9116412,3EYE2,80.0,5.0,330.0,58.0,20.6,73.0,A,1731,681
97,538006207,2021-11-25 01:57:58.500,33.7071423076923,-118.1954723076923,0.1,3.3,319.0,HOPE ISLAND,IMO9263320,V7KU3,70.0,1.0,230.0,32.0,12.0,70.0,A,2450,1244
98,636015660,2021-11-25 01:57:58.500,33.73005778894472,-118.25528778894471,0.0,358.7,251.0,CAP CAPRICORN,IMO9649835,D5CC2,70.0,5.0,228.0,37.0,12.5,70.0,A,1784,989
99,338926431,2021-11-25 01:57:58.500,33.72611005927952,-118.26964,0.0,310.3,343.0,CGC TERRELL HORNE,,NTHE,0.0,5.0,46.0,7.0,0.0,0.0,A,1624,1033
100,338310725,2021-11-25 01:57:58.500,33.71963,-118.27671754152824,0.0,246.9,511.0,WAHOO,IMO0000000,WDD8948,37.0,,11.0,4.0,,,B,1546,1105
101,367033480,2021-11-25 01:57:58.500,33.73786,-118.26595754966888,0.0,175.9,511.0,CRYSTAL SEA,IMO0000000,WDC4959,30.0,,20.0,6.0,,,B,1665,902
102,368020980,2021-11-25 01:57:58.500,33.735982483443706,-118.2238650331126,0.0,243.7,326.0,ASSATEAGUE,IMO9816892,WDJ8905,31.0,1.0,145.0,17.0,4.6,31.0,A,2134,923
103,636018070,2021-11-25 01:57:58.500,33.76401213333333,-118.2720152,0.0,164.2,197.0,ARISTOMENIS,IMO9408841,D5OA5,70.0,5.0,349.0,45.0,15.0,71.0,A,1598,611
104,366554000,2021-11-25 01:57:58.500,33.72391,-118.27958908590084,0.0,29.5,73.0,AQUILA,,WDF8873,60.0,5.0,19.0,5.0,,6.0,A,1514,1058
105,338408513,2021-11-25 01:57:58.500,33.76255,-118.18313488372092,0.0,360.0,511.0,LADY G,IMO0000000,,37.0,,15.0,5.0,,,B,2587,627
106,431027000,2021-11-25 01:57:58.500,33.753875,-118.2638775,0.0,185.7,44.0,ONE THESEUS,IMO9356701,7KIL,79.0,5.0,304.0,40.0,12.1,79.0,A,1689,724
107,338208224,2021-11-25 01:57:58.500,33.72800876666666,-118.05911,0.0,179.0,511.0,LIFE IS GRAND,,,37.0,,,,,,B,3968,1012
108,338211696,2021-11-25 01:57:58.500,33.76015237623762,-118.12537603960396,0.0,0.0,511.0,DIGITAL DETOX,,,37.0,,,,,,B,3230,654
109,366904210,2021-11-25 01:57:58.500,33.7440422972973,-118.15205,0.0,53.6,69.0,ANN T CHERAMIE,IMO8983040,WDB4957,31.0,1.0,33.0,10.0,,52.0,A,2933,833
110,338181008,2021-11-25 01:57:58.500,33.71419473333333,-118.06262263333332,0.0,250.8,511.0,JANICE O,,,37.0,,15.0,,,,B,3929,1166
111,338393843,2021-11-25 01:57:58.500,33.71998,-118.28188736666668,0.0,360.0,511.0,WINE KNOT,IMO0000000,,37.0,,12.0,4.0,,,B,1488,1101
112,636016731,2021-11-25 01:57:58.500,33.73485546666667,-118.27407,0.0,9.0,155.0,TAVROPOS,IMO9307334,D5HM8,80.0,5.0,213.0,32.0,12.3,80.0,A,1575,936
113,367559940,2021-11-25 01:57:58.500,33.76189,-118.18285,0.0,35.0,511.0,TRAILERHOOD,,WDG6717,37.0,,14.0,,,,B,2591,635
114,255806075,2021-11-25 01:57:58.500,33.75424,-118.21404720394736,0.0,0.0,0.0,AS CONSTANTINA,IMO9308390,CQIU9,71.0,5.0,221.0,30.0,9.9,70.0,A,2243,720
115,414246000,2021-11-25 01:57:58.500,33.69798404682274,-118.21523595317726,0.0,230.0,322.0,ZHONG GU SHAN DONG,IMO9333060,BORG5,70.0,1.0,222.0,32.0,11.1,79.0,A,2230,1346
116,368024590,2021-11-25 01:57:58.500,33.72401,-118.28090711920532,0.1,174.0,511.0,BOTTOM SCRATCHER,IMO0000000,WDJ9293,34.0,,21.0,6.0,,,B,1499,1056
117,440141000,2021-11-25 01:57:58.500,33.6658286423841,-118.1248127152318,0.0,96.0,295.0,SM BUSAN,IMO9312767,D7BT,71.0,1.0,304.0,40.0,12.5,71.0,A,3237,1704
118,255805803,2021-11-25 01:57:58.500,33.76685,-118.2711,0.0,176.8,81.0,MINNA,IMO9246712,CQAA,70.0,5.0,220.0,32.0,12.2,70.0,A,1608,580
119,366734000,2021-11-25 01:57:58.500,33.74405719999999,-118.2266756,0.0,0.0,10.0,CAPE ISABEL,IMO7390129,KLHR,70.0,5.0,208.0,31.0,9.8,70.0,A,2103,833
120,338316979,2021-11-25 01:57:58.500,33.748692818791945,-118.11399718120806,0.0,360.0,511.0,CZEH MATE,IMO0000000,,37.0,,0.0,0.0,,,B,3357,782
121,368060490,2021-11-25 01:57:58.500,33.75272855241265,-118.11364144758736,0.0,64.1,511.0,ONE LIFE,IMO0000000,WDK4983,37.0,,20.0,6.0,,,B,3361,737
122,636020524,2021-11-25 01:57:58.500,33.68700043624161,-118.12677,0.0,177.0,281.0,BIGLI,IMO9307047,D5ZP3,70.0,1.0,293.0,40.0,11.0,70.0,A,3215,1468
123,338380055,2021-11-25 01:57:58.500,33.71837,-118.27802298657718,0.0,199.5,511.0,THE REAGAN YEARS,IMO0000000,,37.0,,22.0,6.0,,,B,1531,1119
124,338247851,2021-11-25 01:57:58.500,33.72690706666666,-118.07569,0.0,203.6,511.0,GO TIME,IMO0000000,,30.0,,10.0,4.0,,,B,3783,1024
125,367599960,2021-11-25 01:57:58.500,33.720676877076414,-118.27817,0.0,72.5,511.0,THE REAGAN YEARS,,WDH2666,37.0,,14.0,4.0,,,B,1529,1094
126,477848700,2021-11-25 01:57:58.500,33.751387466666664,-118.27352686666669,0.0,198.5,330.0,CSCL EAST CHINA SEA,IMO9645918,VRNM3,70.0,5.0,335.0,48.0,15.0,70.0,A,1581,752
127,338226227,2021-11-25 01:57:58.500,33.72657043695652,-118.07448912608696,0.0,248.3,511.0,FIGHTING IRISH,,,37.0,,,,,,B,3797,1028
128,338128375,2021-11-25 01:57:58.500,33.72234161936561,-118.281,0.0,224.8,511.0,MISS SEPTEMBER,,,37.0,,12.0,,,,B,1498,1075
129,636020776,2021-11-25 01:57:58.500,33.73671134406264,-118.18861134406264,0.0,0.0,90.0,GSL VIOLETTA,IMO9214202,5LAQ9,79.0,5.0,279.0,40.0,12.2,0.0,A,2526,915
130,245304000,2021-11-25 01:57:58.500,33.73431326666666,-118.1618699,0.0,258.6,349.0,ZUIDERDAM,IMO9221279,PBIG,60.0,1.0,285.0,32.0,8.0,60.0,A,2824,942
131,338207261,2021-11-25 01:57:58.500,33.723464750830566,-118.06309,0.0,360.0,511.0,TRUE GRIT,IMO0000000,,37.0,,13.0,5.0,,,B,3924,1063
132,636015806,2021-11-25 01:57:58.500,33.75876909090909,-118.26011090909093,4.2,221.1,220.0,HYUNDAI PRESTIGE,IMO9625528,D5CX8,70.0,5.0,255.0,37.0,13.5,70.0,A,1730,670
133,338343023,2021-11-25 01:57:58.500,33.7569,-118.12972159065627,0.0,360.0,306.0,FOUNTAIN FISH TEAM,IMO0000000,,37.0,,11.0,3.0,,,B,3182,690
134,366396000,2021-11-25 01:57:58.500,33.73439449999999,-118.26851583333334,0.0,253.6,153.0,NAT GEO SEA LION,IMO8966456,WUR9646,60.0,5.0,45.0,9.0,,60.0,A,1637,941
135,367525120,2021-11-25 01:57:58.500,33.753950926719746,-118.11096370687896,0.0,23.5,511.0,DESERT VISION,IMO0000000,WDG3350,37.0,,14.0,4.0,,,B,3391,723
136,235102678,2021-11-25 01:57:58.500,33.72640673267327,-118.25976930693068,0.0,55.3,201.0,EVER LIBERAL,IMO9604160,2HDG2,70.0,5.0,334.0,45.0,14.2,74.0,A,1734,1030
137,338137334,2021-11-25 01:57:58.500,33.71287800391389,-118.05619199608611,0.0,0.0,511.0,SEALILY,,,37.0,,14.0,,,,B,4000,1180
138,338219386,2021-11-25 01:57:58.500,33.76280511627907,-118.11558,0.0,18.1,511.0,ARIEF,IMO0000000,,37.0,,9.0,2.0,,,B,3339,625
139,215181000,2021-11-25 01:57:58.500,33.73152,-118.25847,0.0,170.0,250.0,CMA CGM J. ADAMS,IMO9780885,9HA4999,71.0,5.0,366.0,48.0,14.1,71.0,A,1749,973
140,235061354,2021-11-25 01:57:58.500,33.6878898,-118.1143455,0.0,344.0,284.0,BRIGHTON,IMO9332846,2ANQ9,70.0,1.0,293.0,40.0,14.0,70.0,A,3353,1459
141,338177481,2021-11-25 01:57:58.500,33.76684,-118.12265,0.0,212.7,511.0,CINDERELLA,,,37.0,,11.0,,,,B,3261,580
142,366857070,2021-11-25 01:57:58.500,33.76303993311037,-118.19926,0.0,234.0,511.0,JET CAT EXPRESS,IMO9367475,WDA8695,60.0,5.0,44.0,10.0,,40.0,A,2408,622
143,352111000,2021-11-25 01:57:58.500,33.746285033333336,-118.27181503333334,0.0,341.9,207.0,WESTERN MONARCH,IMO9010149,HP6387,90.0,5.0,92.0,20.0,6.9,70.0,A,1600,809
144,367536490,2021-11-25 01:57:58.500,33.749305,-118.113265,0.0,12.7,511.0,TRIUMPH,,WDI7857,37.0,,16.0,4.0,,,B,3365,775
145,338352671,2021-11-25 01:57:58.500,33.72179986754966,-118.2793,0.0,247.4,511.0,ZORYANA,IMO0000000,,37.0,,0.0,0.0,,,B,1517,1081
146,368173330,2021-11-25 01:57:58.500,33.72293,-118.28228516778525,0.0,7.1,511.0,CATBIRD,IMO0000000,WDL8831,36.0,,11.0,2.0,,,B,1484,1069
147,255729000,2021-11-25 01:57:58.500,33.732845182724255,-118.1522918936877,0.1,248.9,339.0,MPV CLIO,IMO9244556,CQIU,70.0,1.0,196.0,28.0,9.7,70.0,A,2931,958
148,338069102,2021-11-25 01:57:58.500,33.75883,-118.18417174250833,0.0,360.0,511.0,LADY CONSTANCE,IMO0000000,,37.0,,10.0,6.0,,,B,2576,669
149,303352000,2021-11-25 01:57:58.500,33.73432,-118.24908,0.0,250.0,250.0,PRESIDENT EISENHOWER,IMO9295220,KPES,79.0,5.0,299.0,42.0,12.0,79.0,A,1853,942
150,636091959,2021-11-25 01:57:58.500,33.61706,-118.0700249019608,0.0,358.3,274.0,MSC SAVONA,IMO9460356,A8UX4,70.0,1.0,365.0,51.0,16.0,70.0,A,3846,2247
151,566886000,2021-11-25 01:57:58.500,33.636910429042906,-118.06685957095708,0.0,130.0,264.0,WAN HAI 516,IMO9457658,9V7582,70.0,1.0,259.0,37.0,12.8,70.0,A,3882,2026
152,338364968,2021-11-25 01:57:58.500,33.75220580536913,-118.11131946308726,0.0,360.0,511.0,BRISA,IMO0000000,,36.0,,12.0,4.0,,,B,3387,743
153,367602170,2021-11-25 01:57:58.500,33.75183,-118.1191146511628,0.0,35.1,511.0,DRAGON FLY,,WDH2881,37.0,,13.0,,,,B,3300,747
154,338322535,2021-11-25 01:57:58.500,33.72842461538461,-118.0598353846154,0.0,360.0,511.0,EAGLES WING,IMO0000000,,37.0,,12.0,0.0,,,B,3960,1007
155,538003274,2021-11-25 01:57:58.500,33.67667,-118.12267,0.1,232.0,298.0,MOL DELIGHT,IMO9352406,V7PR9,70.0,1.0,260.0,32.0,12.6,71.0,A,3260,1583
156,338424258,2021-11-25 01:57:58.500,33.712670281632654,-118.05537028163266,0.0,360.0,511.0,ROSIE T.,IMO0000000,,37.0,,9.0,3.0,,,B,4010,1183
157,563579000,2021-11-25 01:57:58.500,33.69313543333333,-118.20265826666666,0.1,238.1,313.0,WAN HAI 612,IMO9224518,9V3465,70.0,1.0,284.0,40.0,14.0,70.0,A,2370,1400
158,338145832,2021-11-25 01:57:58.500,33.74888087248323,-118.1142345637584,0.0,188.3,511.0,HAPPY DAYS,,,37.0,,19.0,,,,B,3354,780
159,338339764,2021-11-25 01:57:58.500,33.72243455149502,-118.27903,0.0,225.0,511.0,MILLER TIME,IMO0000000,,37.0,,15.0,4.0,,,B,1520,1074
160,338385737,2021-11-25 01:57:58.500,33.75128,-118.11034088349317,0.0,62.2,511.0,WEPA!!!,IMO0000000,,37.0,,10.0,4.0,,,B,3398,753
161,428002000,2021-11-25 01:57:58.500,33.61520205882353,-118.03371676470589,0.0,157.0,286.0,ZIM VIRGINIA,IMO9231808,4XFV,70.0,1.0,294.0,32.0,13.5,71.0,A,4251,2268
162,416464000,2021-11-25 01:57:58.500,33.75433,-118.2755,0.0,330.3,330.0,YM UNICORN,IMO9462732,BLHI,70.0,5.0,333.0,42.0,13.0,71.0,A,1559,719
163,636015849,2021-11-25 01:57:58.500,33.75866,-118.26165943055858,0.0,8.8,219.0,MYKONOS SEAS,IMO9491240,D5DD7,70.0,5.0,189.0,32.0,12.8,70.0,A,1713,671
164,636092892,2021-11-25 01:57:58.500,33.71244176079734,-118.13572754152824,0.0,0.1,292.0,LOUISE AUERBACH,IMO9388895,D5SN9,79.0,1.0,138.0,21.0,7.0,79.0,A,3115,1185
165,369358000,2021-11-25 01:57:58.500,33.723360950819675,-118.27437,0.0,348.0,162.0,NAT GEO VENTURE,IMO9799044,WDK4393,60.0,5.0,73.0,14.0,4.0,60.0,A,1572,1064
166,338087117,2021-11-25 01:57:58.500,33.74711841750842,-118.21560525252526,0.0,292.1,511.0,ALTAIR,,,60.0,,10.0,3.0,,,B,2226,799
167,212700000,2021-11-25 01:57:58.500,33.64900285714286,-118.13634428571427,0.1,125.8,268.0,CSL SANTA MARIA,IMO9290426,5BTQ4,70.0,1.0,294.0,32.0,11.4,70.0,A,3108,1891
168,636019717,2021-11-25 01:57:58.500,33.75924853333333,-118.27686,0.0,278.0,36.0,VOLANS,IMO9430777,D5VV2,71.0,5.0,265.0,32.0,11.3,71.0,A,1544,664
169,255806027,2021-11-25 01:57:58.500,33.74365848684211,-118.19424121710529,0.0,245.5,90.0,MSC SHUBA B,IMO9778076,CQIP2,,5.0,,,,70.0,A,2464,838
170,367625310,2021-11-25 01:57:58.500,33.72026,-118.27881,0.0,167.9,511.0,NINOSKA,,WDH5178,30.0,,20.0,,,,B,1522,1098
171,368153940,2021-11-25 01:57:58.500,33.713488361204014,-118.060021638796,0.0,10.0,264.0,UNO MAS,IMO0000000,WDL6772,37.0,,16.0,4.0,,,B,3958,1174
172,355288000,2021-11-25 01:57:58.500,33.73256128712872,-118.2465692079208,0.0,0.0,70.0,NORD NAVIGATOR,IMO9370769,3EPQ7,70.0,5.0,229.0,32.0,14.4,74.0,A,1881,961
173,367616390,2021-11-25 01:57:58.500,33.71762291666667,-118.27904125,0.0,234.9,511.0,DOOR PRIZE,,WDH4311,37.0,,18.0,,,,B,1520,1128
174,338081579,2021-11-25 01:57:58.500,33.72085,-118.2804858,0.0,335.4,511.0,MALIKA,IMO0000000,,37.0,,13.0,4.0,,,B,1504,1092
175,367676070,2021-11-25 01:57:58.500,33.7519042,-118.10997,0.0,75.4,511.0,TUAMOTU,,WDI2235,37.0,,,,,,B,3402,746
176,241529000,2021-11-25 01:57:58.500,33.770502400000005,-118.2247276,0.0,126.9,57.0,PERSEPOLIS,IMO9798870,SVCR3,80.0,5.0,228.0,33.0,13.9,80.0,A,2124,539
177,563135300,2021-11-25 01:57:58.500,33.656975933333335,-118.15362033333334,0.0,260.0,307.0,WAN HAI 625,IMO9298997,9V7324,70.0,1.0,279.0,40.0,12.5,70.0,A,2916,1803
178,338303738,2021-11-25 01:57:58.500,33.759320258751906,-118.1885997412481,0.0,55.6,511.0,MEIRA LUNA,IMO0000000,,36.0,,10.0,3.0,,,B,2527,663
179,338208967,2021-11-25 01:57:58.500,33.75718,-118.18719,0.0,229.3,511.0,ANEJO,,,37.0,,,,,,B,2542,687
180,338328735,2021-11-25 01:57:58.500,33.74983599337748,-118.11325599337748,0.0,360.0,511.0,PAIR A DOCS,IMO0000000,,37.0,,14.0,4.0,,,B,3365,769
181,338240395,2021-11-25 01:57:58.500,33.72352,-118.28124974565218,0.0,272.7,511.0,TIDAL WAVE,,,37.0,,,,,,B,1495,1062
182,477027600,2021-11-25 01:57:58.500,33.73298066666666,-118.14280026666668,0.1,36.6,325.0,POWAN,IMO9721578,VRPL9,70.0,1.0,179.0,,,70.0,A,3036,957
183,338237068,2021-11-25 01:57:58.500,33.76396,-118.25692,0.0,0.0,511.0,NORTHWIND,IMO0000000,WRE5749,37.0,,120.0,24.0,,,B,1766,612
184,256937000,2021-11-25 01:57:58.500,33.75998766666666,-118.21417383333332,0.0,4.0,0.0,COSCO BEIJING,IMO9308508,9HA4041,70.0,5.0,350.0,42.0,14.5,70.0,A,2242,656
185,368126190,2021-11-25 01:57:58.500,33.74964,-118.17800257525084,0.0,54.7,133.0,GERONIMO,IMO9903188,WDL3906,31.0,5.0,39.0,11.0,4.9,32.0,A,2644,771
186,338331664,2021-11-25 01:57:58.500,33.71666254125413,-118.28096,0.0,211.8,511.0,ASTRAL,IMO0000000,,36.0,,13.0,4.0,,,B,1498,1138
187,636020609,2021-11-25 01:57:58.500,33.7685361,-118.23323013333334,0.0,23.0,74.0,YOGI,IMO9307009,D5ZZ2,70.0,5.0,280.0,40.0,12.3,70.0,A,2030,561
188,477065200,2021-11-25 01:57:58.500,33.69655378737542,-118.15208893687706,0.0,265.5,282.0,COSCO FORTUNE,IMO9472127,VRKE9,70.0,1.0,366.0,48.0,15.5,70.0,A,2933,1362
189,338218665,2021-11-25 01:57:58.500,33.75335753333333,-118.11182246666668,0.1,309.7,511.0,CHIEF,IMO0000000,,37.0,,0.0,0.0,,,B,3381,730
190,565536000,2021-11-25 01:57:58.500,33.7052192,-118.1267872,0.0,161.0,272.0,WAN HAI 507,IMO9326407,9VJJ5,70.0,1.0,268.0,32.0,12.5,70.0,A,3215,1266
191,255806496,2021-11-25 01:57:58.500,33.62161934210527,-118.04727355263158,0.0,20.7,262.0,MSC ANZU,IMO9710426,CQEV5,70.0,1.0,299.0,48.0,12.6,70.0,A,4100,2196
192,374158000,2021-11-25 01:57:58.500,33.76216,-118.1831535,0.0,57.2,511.0,LOTTUS,IMO0000000,HP8554,37.0,,0.0,0.0,13.8,74.0,B,2587,632
193,374152000,2021-11-25 01:57:58.500,33.7361525,-118.216794,0.0,4.7,332.0,ULTRA SILVA,IMO9873890,3FSU3,70.0,1.0,179.0,30.0,7.5,70.0,A,2213,921
194,338351509,2021-11-25 01:57:58.500,33.72106,-118.2803,0.0,338.2,511.0,AMALTHEA,IMO0000000,,37.0,,14.0,5.0,,,B,1506,1089
195,368146890,2021-11-25 01:57:58.500,33.77469,-118.21213354515052,0.0,164.9,511.0,BIG DIPPER,IMO0000000,WDL6049,57.0,,0.0,0.0,,,B,2265,492
196,338127501,2021-11-25 01:57:58.500,33.75183353535354,-118.11155646464644,0.0,41.1,511.0,SERENITY,,,37.0,,11.0,,,,B,3384,747
197,368102970,2021-11-25 01:57:58.500,33.75412,-118.11450295681064,0.0,360.0,511.0,CASCADIA,,WDK9365,37.0,5.0,21.0,6.0,1.9,37.0,A,3351,721
198,367711690,2021-11-25 01:57:58.500,33.7219766,-118.2829566,0.0,39.3,511.0,FLORETTA G,,WDI5745,37.0,,,,,,B,1476,1079
199,368850000,2021-11-25 01:57:58.500,33.744010539534884,-118.22730026976744,0.0,33.9,511.0,CAPE INSCRIPTION,IMO7390105,WSCJ,70.0,5.0,208.0,31.0,9.8,70.0,A,2096,834
200,368021110,2021-11-25 01:57:58.500,33.76143012281101,-118.192309754378,0.0,360.0,511.0,SOME TUESDAY,IMO0000000,WDJ8919,36.0,,15.0,8.0,,,B,2485,640
201,338390977,2021-11-25 01:57:58.500,33.7541,-118.1126,0.0,213.3,511.0,LOLA,IMO0000000,,37.0,,9.0,4.0,,,B,3373,722
202,369725000,2021-11-25 01:57:58.500,33.73348992325582,-118.27659,0.0,360.0,511.0,IRVING JOHNSON,,WDB3153,90.0,5.0,22.0,6.0,,36.0,A,1547,951
203,310765000,2021-11-25 01:57:58.500,33.668029630354425,-118.15760014785825,0.1,202.6,305.0,LONDON EXPRESS,IMO9143568,ZCEV3,70.0,1.0,294.0,32.0,13.6,79.0,A,2872,1680
204,338185756,2021-11-25 01:57:58.500,33.71596,-118.06271,0.0,337.8,511.0,HATTITUDE,,,37.0,,13.0,,,,B,3928,1146
205,367314820,2021-11-25 01:57:58.500,33.71778001395025,-118.27909001395024,0.0,98.8,511.0,SUNDANCE,,WDD9682,37.0,,18.0,5.0,,,B,1519,1126
206,338335196,2021-11-25 01:57:58.500,33.759090046522445,-118.18787,0.0,195.2,511.0,LAST DANCE,IMO0000000,,37.0,,0.0,0.0,,,B,2535,666
207,353934000,2021-11-25 01:57:58.500,33.7619,-118.2761,0.0,152.1,334.0,MSC ELA,IMO9282259,H3MJ,70.0,5.0,294.0,32.0,13.5,70.0,A,1552,635
208,338427231,2021-11-25 01:57:58.500,33.72752983193278,-118.05871983193278,0.0,360.0,511.0,BURNIN DAYLIGHT,IMO0000000,,37.0,,15.0,6.0,,,B,3972,1017
209,366745460,2021-11-25 01:57:58.500,33.75074823038397,-118.11349176961603,0.0,360.0,511.0,RESCUE BOAT 127,IMO0000000,,37.0,,9.0,4.0,,,B,3363,759
210,355263000,2021-11-25 01:57:58.500,33.750363820598004,-118.18682,0.0,335.9,180.0,CARNIVAL VICTORY,IMO9172648,3FFL8,60.0,5.0,272.0,35.0,8.3,60.0,A,2546,763
211,338110000,2021-11-25 01:57:58.500,33.77465520798669,-118.21548319467554,0.0,43.7,66.0,LOUISIANA,IMO9704790,WLOZ,80.0,5.0,183.0,32.0,11.8,80.0,A,2227,493
212,367506190,2021-11-25 01:57:58.500,33.71878668896321,-118.2768,0.0,356.9,511.0,THALASSA,,WDF9539,37.0,,15.0,,,,B,1545,1115
213,338926432,2021-11-25 01:57:58.500,33.72501,-118.26918006920415,0.0,132.1,342.0,CG BENJAMIN BOTTOMS,,NBNB,0.0,5.0,46.0,7.0,0.0,0.0,A,1630,1045
214,303200000,2021-11-25 01:57:58.500,33.771649568106305,-118.21222956810632,0.0,7.8,511.0,TAURUS,IMO7819498,WDB6361,31.0,5.0,22.0,7.0,,52.0,A,2263,526
215,232018900,2021-11-25 01:57:58.500,33.67933745,-118.15504255,0.0,29.5,293.0,HYUNDAI NEPTUNE,IMO9725158,MEDZ7,70.0,1.0,324.0,48.0,14.4,70.0,A,2900,1554
216,338322625,2021-11-25 01:57:58.500,33.72298,-118.06689913333332,0.0,360.0,511.0,IV FAMILY,IMO0000000,,37.0,,14.0,4.0,,,B,3881,1068
217,366785290,2021-11-25 01:57:58.500,33.74903,-118.113852358804,0.0,360.0,511.0,MANDALAY,,WDG4601,37.0,,15.0,,,,B,3359,778
218,367317170,2021-11-25 01:57:58.500,33.76727,-118.25193,0.0,155.8,511.0,SALTY CROW,IMO0000000,WDM6527,36.0,,10.0,4.0,,,B,1822,575
219,367727960,2021-11-25 01:57:58.500,33.72078637873754,-118.06915637873752,0.0,168.9,511.0,CELTIC PRIDE,,WDI7361,37.0,,,,,,B,3856,1092
220,367606290,2021-11-25 01:57:58.500,33.77387,-118.2463,0.0,360.0,511.0,SWEET DREAMS,IMO0000000,WDH3297,36.0,,13.0,4.0,,,B,1884,501
221,338362994,2021-11-25 01:57:58.500,33.72676887899197,-118.06183056050402,0.0,360.0,511.0,OFF SEASON,IMO0000000,,37.0,,17.0,5.0,,,B,3938,1026
222,366886630,2021-11-25 01:57:58.500,33.73313786666667,-118.27640573333332,0.0,360.0,511.0,EXY JOHNSON,,WDB3395,90.0,5.0,22.0,6.0,,0.0,A,1549,955
223,338208221,2021-11-25 01:57:58.500,33.722593612040136,-118.28079816053511,0.0,329.8,511.0,BREATHE,,,60.0,,,,,,B,1500,1072
224,366823250,2021-11-25 01:57:58.500,33.72158,-118.28104274247492,0.0,70.1,511.0,HOOKER,IMO0000000,WDA5733,37.0,,14.0,4.0,,,B,1497,1084
225,338310827,2021-11-25 01:57:58.500,33.72174,-118.07009,0.0,136.1,511.0,JAWS,IMO0000000,,37.0,,16.0,4.0,,,B,3846,1082
226,367414180,2021-11-25 01:57:58.500,33.71305966949337,-118.05640033050662,0.0,301.1,511.0,VALKYRIE,,WDE9156,37.0,,,,,,B,3998,1178
227,368011930,2021-11-25 01:57:58.500,33.71887,-118.06859,0.0,34.9,511.0,LANI KAI,IMO0000000,,37.0,,15.0,5.0,,,B,3862,1114
228,338393343,2021-11-25 01:57:58.500,33.7179,-118.27658034908076,0.0,360.0,511.0,CENT' ANNI',IMO0000000,,37.0,,11.0,6.0,,,B,1547,1125
229,367574860,2021-11-25 01:57:58.500,33.726729625668455,-118.0650007486631,0.0,185.6,511.0,WHITE SHARK,,WDG8183,37.0,,14.0,,,,B,3902,1026
230,367569830,2021-11-25 01:57:58.500,33.69648944954124,-118.0988899999996,5.4,256.5,257.0,ROBERT FRANCO,IMO9694311,WDG7687,31.0,0.0,31.0,12.0,,31.0,A,3525,1363
231,367687630,2021-11-25 01:57:58.500,33.75762,-118.18615,0.0,291.1,511.0,AEOLIAN,,WDI3371,37.0,,13.0,,,,B,2554,682
232,366760710,2021-11-25 01:57:58.500,33.76647872727248,-118.21882254545449,0.0,211.3,511.0,REDONDO,,WCD3906,60.0,0.0,18.0,7.0,,31.0,A,2190,584
233,367719100,2021-11-25 01:57:58.500,33.720039230769096,-118.12835769230774,8.6,246.2,246.0,DR. HANK KAPLAN,IMO9816012,WDJ3839,52.0,0.0,24.0,10.0,5.1,52.0,A,3197,1101
234,367691660,2021-11-25 01:57:58.500,33.7475094059405,-118.11241920792024,0.0,250.8,511.0,BIBI,,WDI3764,37.0,7.0,19.0,5.0,,30.0,A,3375,795
235,367693690,2021-11-25 01:57:58.500,33.71319,-118.24568,7.9,64.6,71.0,KELLY C,IMO7035327,WDI3956,31.0,0.0,26.0,8.0,3.6,31.0,A,1891,1177
236,368159190,2021-11-25 01:57:58.500,33.70983,-118.18597,7.0,76.9,511.0,PILOT BOAT POLARIS 3,,WDL7326,50.0,15.0,21.0,6.0,0.0,50.0,A,2556,1214
237,338118674,2021-11-25 01:57:58.500,33.725909173553866,-118.26975165289228,0.1,330.9,511.0,BAYWATCH 19,,WZB9310,90.0,15.0,,,,0.0,A,1623,1035
238,367401030,2021-11-25 01:57:58.500,33.74014,-118.27816,0.0,155.5,9.0,DELTA BILLIE,IMO9562207,WDE8059,31.0,0.0,30.0,12.0,,31.0,A,1530,877
239,477136800,2021-11-25 01:57:58.500,33.74081,-118.19745,0.0,359.2,269.0,COSCO KAOHSIUNG,IMO9355563,VREM3,70.0,0.0,348.0,45.0,14.5,71.0,A,2428,869
240,366892000,2021-11-25 01:57:58.500,33.77118590909103,-118.21299181818206,0.0,256.9,69.0,JAMIE ANN,,WDL5109,52.0,0.0,31.0,12.0,5.7,52.0,A,2255,531
241,367006790,2021-11-25 01:57:58.500,33.7290433165829,-118.27488668341702,0.0,292.4,511.0,VICKI ANN,,WYE3508,80.0,5.0,22.0,7.0,,31.0,A,1566,1000
242,367661930,2021-11-25 01:57:58.500,33.798625192307725,-118.21991653846166,4.7,223.4,196.0,MICHELLE SLOAN,IMO9747819,WDH8832,31.0,0.0,24.0,,,52.0,A,2178,226
243,367017440,2021-11-25 01:57:58.500,33.77086,-118.21169,0.0,113.4,511.0,PIPER INNESS,IMO8964109,WDC3984,90.0,0.0,42.0,8.0,2.1,56.0,A,2269,535
244,367760290,2021-11-25 01:57:58.500,33.7476,-118.21567,0.0,127.4,284.0,FIREBOAT 15,,WDJ2641,90.0,0.0,,,,90.0,A,2225,794
245,367395280,2021-11-25 01:57:58.500,33.73182,-118.26418,0.0,58.7,220.0,CLEAN OCEAN,IMO9202352,WDE7605,90.0,0.0,44.0,10.0,3.0,90.0,A,1685,970
246,367308610,2021-11-25 01:57:58.500,33.64586045871575,-118.11471954128396,0.0,130.3,89.0,SARAH C,,WDD9226,31.0,0.0,19.0,6.0,,31.0,A,3349,1926
247,431260000,2021-11-25 01:57:58.500,33.53591872727261,-118.34157099999965,0.9,107.1,17.0,ONE MANHATTAN,IMO9689615,7JVP,72.0,0.0,366.0,51.0,13.4,72.0,A,824,3150
248,367704150,2021-11-25 01:57:58.500,33.76221,-118.19548,0.0,360.0,511.0,KRISTINA,,WDI5000,60.0,0.0,23.0,6.0,,60.0,A,2450,631
249,477737600,2021-11-25 01:57:58.500,33.72321,-118.1847,8.7,333.6,327.0,YM WELLNESS,IMO9704623,VROO3,74.0,0.0,368.0,51.0,14.9,74.0,A,2570,1065
250,367393270,2021-11-25 01:57:58.500,33.566776545454736,-118.15671127272688,0.3,274.8,511.0,NICHOLAS L,,WDE7436,90.0,0.0,30.0,6.0,,53.0,A,2882,2807
251,366755010,2021-11-25 01:57:58.500,33.7395138181817,-118.27813,0.0,225.0,189.0,MASTER,IMO9188532,WCY6528,31.0,0.0,32.0,10.0,6.8,52.0,A,1530,884
252,367104070,2021-11-25 01:57:58.500,33.66352136363615,-118.05923236363616,0.4,227.7,511.0,PATRICK,IMO8982541,WDC9572,60.0,15.0,31.0,6.0,,42.0,A,3967,1730
253,367507960,2021-11-25 01:57:58.500,33.64922720720736,-118.11051720720708,0.1,249.6,511.0,185 3,,WDF9705,90.0,3.0,54.0,,,90.0,A,3396,1889
254,374815000,2021-11-25 01:57:58.500,33.64624545454544,-118.09152272727302,7.9,265.8,268.0,ONE IBIS,IMO9741384,3EYE,70.0,0.0,364.0,51.0,13.0,70.0,A,3607,1922
255,367014480,2021-11-25 01:57:58.500,33.76679372727288,-118.22081627272684,0.1,185.2,511.0,DURANGO,,WDC3807,31.0,0.0,18.0,7.0,,52.0,A,2168,580
256,367492920,2021-11-25 01:57:58.500,33.73461363636352,-118.26904818181812,0.0,353.0,511.0,KENNETH CARL,IMO8978710,WDF8246,90.0,0.0,33.0,7.0,2.7,79.0,A,1631,938
257,367580930,2021-11-25 01:57:58.500,33.76163018348627,-118.1954,0.0,360.0,511.0,TRIUMPHANT,IMO9759692,WDG8773,60.0,0.0,25.0,8.0,,60.0,A,2451,638
258,368136950,2021-11-25 01:57:58.500,33.759853148148295,-118.28553740740745,3.7,82.0,75.0,HERCULES,,WDE8347,52.0,0.0,26.0,11.0,5.1,52.0,A,1447,657
259,366998830,2021-11-25 01:57:58.500,33.73171981651373,-118.26133,0.0,299.1,511.0,ROYAL MELBOURNE,,WDC2865,31.0,12.0,23.0,7.0,,52.0,A,1717,971
260,367642530,2021-11-25 01:57:58.500,33.72594636363617,-118.32048090909107,7.4,61.0,511.0,BO BRUSCO,IMO9772917,WDH6880,31.0,0.0,23.0,8.0,,31.0,A,1058,1035
261,367733880,2021-11-25 01:57:58.500,33.723298760330465,-118.07058752066143,0.0,360.0,511.0,HIGH PRYORITY,,WDI7956,37.0,0.0,,,,37.0,A,3840,1064
262,477076500,2021-11-25 01:57:58.500,33.548380891089245,-118.40887891089062,0.2,97.3,201.0,SAGA ADVENTURE,IMO9317406,VRBL4,70.0,0.0,199.0,30.0,11.8,70.0,A,74,3012
263,368024740,2021-11-25 01:57:58.500,33.74686966101709,-118.2167510169495,0.0,115.7,511.0,PILOT BOAT ORION,,WDJ9306,50.0,15.0,19.0,6.0,0.0,50.0,A,2213,802
264,367004260,2021-11-25 01:57:58.500,33.74275647058843,-118.20329647058784,0.0,184.3,511.0,CABRILLO,,WBU7354,60.0,0.0,18.0,7.0,,52.0,A,2363,848
265,366938510,2021-11-25 01:57:58.500,33.76731564189184,-118.21774435810816,0.0,253.2,293.0,KLIHYAM,IMO7644271,WDB7218,31.0,5.0,36.0,10.0,5.3,32.0,A,2202,574
266,563090300,2021-11-25 01:57:58.500,33.630109225589216,-118.05679693602691,0.0,236.4,251.0,MAERSK EUREKA,IMO9501239,9V6465,71.0,1.0,366.0,48.0,14.2,71.0,A,3994,2102
267,565661000,2021-11-25 01:57:58.500,33.60299646666666,-118.04409353333344,0.0,42.7,297.0,MAERSK ANTARES,IMO9342504,9VHK7,70.0,1.0,337.0,45.0,15.0,71.0,A,4135,2404
268,367581220,2021-11-25 01:57:58.500,33.548232500000154,-118.06925000000015,10.1,344.9,338.0,AHBRA FRANCO,IMO9694323,WDG8801,31.0,0.0,28.0,12.0,,52.0,A,3855,3013
269,367672140,2021-11-25 01:57:58.500,33.72312882882898,-118.2816335135139,0.0,269.0,511.0,MAURETANIA,,WDH9845,60.0,15.0,23.0,5.0,,60.0,A,1491,1066
270,338213723,2021-11-25 01:57:58.500,33.75073551495023,-118.11296897009954,0.0,27.9,511.0,BUCKET LIST,,,37.0,,,,,,B,3368,759
271,538004923,2021-11-25 01:57:58.500,33.68835626262624,-118.14317626262624,0.1,239.9,276.0,PRETTY VICTORY,IMO9639787,V7ZV4,70.0,1.0,179.0,29.0,10.1,70.0,A,3032,1453
272,477897700,2021-11-25 01:57:58.500,33.72449993311034,-118.22707,0.1,248.1,334.0,SAGA NAVIGATOR,IMO9371062,VRDA4,70.0,1.0,199.0,30.0,11.8,70.0,A,2098,1051
273,477982500,2021-11-25 01:57:58.500,33.67623214521442,-118.1098060726072,0.1,208.2,299.0,CHIPOLBROK GALAXY,IMO9432141,VRHR3,70.0,1.0,199.0,27.0,11.0,70.0,A,3404,1588
274,538005156,2021-11-25 01:57:58.500,33.72765,-118.15441592105266,0.0,232.9,307.0,HTC DELTA,IMO9679385,V7BK4,70.0,1.0,189.0,32.0,12.8,70.0,A,2907,1016
275,255806339,2021-11-25 01:57:58.500,33.7532551485148,-118.23581425742576,0.0,316.1,71.0,MSC ORION,IMO9857157,CQEB8,74.0,5.0,366.0,51.0,14.2,74.0,A,2001,731
276,371055000,2021-11-25 01:57:58.500,33.6507353333333,-118.22008766666669,0.1,243.9,296.0,STOVE OCEAN,IMO9552953,3FXU,70.0,1.0,189.0,32.0,12.6,70.0,A,2176,1872
277,338311935,2021-11-25 01:57:58.500,33.75939273333332,-118.18509,0.0,122.5,511.0,SEAFOX,IMO0000000,,36.0,,16.0,6.0,,,B,2566,663
278,636014430,2021-11-25 01:57:58.500,33.76510660066012,-118.26063640264046,0.0,357.5,176.0,KEFALONIA,IMO9382188,A8TU4,80.0,5.0,102.0,17.0,6.6,80.0,A,1725,599
279,477333700,2021-11-25 01:57:58.500,33.74613120000002,-118.20693939999988,0.0,216.7,180.0,INCHEON BAY,IMO9791963,VRQO6,70.0,5.0,,,,70.0,A,2322,810
280,255790000,2021-11-25 01:57:58.500,33.73323734219278,-118.16918,0.1,242.6,324.0,MSC TAMPICO,IMO9317937,CQMD,70.0,1.0,294.0,32.0,9.1,70.0,A,2743,954
281,367650150,2021-11-25 01:57:58.500,33.719596833333284,-118.27955683333327,0.0,73.9,511.0,LIONHEART,,WDH7640,37.0,,14.0,,,,B,1514,1106
